{
  "fetched": "2026-04-15T20:14:01Z",
  "ok": 21,
  "failed": 1,
  "quotes": {
    "corn": {
      "ticker": "ZC=F",
      "close": 451.75,
      "open": 445.25,
      "netChange": 6.5,
      "pctChange": 1.4599,
      "wk52_hi": 487.25,
      "wk52_lo": 368.75
    },
    "corn-dec": {
      "ticker": "ZCZ26.CBT",
      "close": 478.5,
      "open": 472.5,
      "netChange": 6.0,
      "pctChange": 1.2698,
      "wk52_hi": 498.5,
      "wk52_lo": 440.75
    },
    "beans": {
      "ticker": "ZS=F",
      "close": 1165.25,
      "open": 1161.0,
      "netChange": 4.25,
      "pctChange": 0.3661,
      "wk52_hi": 1223.25,
      "wk52_lo": 960.75
    },
    "beans-nov": {
      "ticker": "ZSX26.CBT",
      "close": 1153.25,
      "open": 1146.25,
      "netChange": 7.0,
      "pctChange": 0.6107,
      "wk52_hi": 1174.25,
      "wk52_lo": 1023.25
    },
    "wheat": {
      "ticker": "ZW=F",
      "close": 600.5,
      "open": 601.75,
      "netChange": -1.25,
      "pctChange": -0.2077,
      "wk52_hi": 635.0,
      "wk52_lo": 492.25
    },
    "oats": {
      "ticker": "ZO=F",
      "close": 348.75,
      "open": 342.75,
      "netChange": 6.0,
      "pctChange": 1.7505,
      "wk52_hi": 403.5,
      "wk52_lo": 272.0
    },
    "cattle": {
      "ticker": "LE=F",
      "close": 251.22501,
      "open": 251.35001,
      "netChange": -0.125,
      "pctChange": -0.0497,
      "wk52_hi": 253.6,
      "wk52_lo": 204.55
    },
    "feeders": {
      "ticker": "GF=F",
      "close": 370.85001,
      "open": 375.42499,
      "netChange": -4.57498,
      "pctChange": -1.2186,
      "wk52_hi": 381.025,
      "wk52_lo": 285.1
    },
    "hogs": {
      "ticker": "HE=F",
      "close": 101.825,
      "open": 102.475,
      "netChange": -0.65,
      "pctChange": -0.6343,
      "wk52_hi": 113.7,
      "wk52_lo": 77.35
    },
    "milk": {
      "ticker": "DC=F",
      "close": 18.28,
      "open": 18.12,
      "netChange": 0.16,
      "pctChange": 0.883,
      "wk52_hi": 18.89,
      "wk52_lo": 14.53
    },
    "meal": {
      "ticker": "ZM=F",
      "close": 331.0,
      "open": 327.29999,
      "netChange": 3.70001,
      "pctChange": 1.1305,
      "wk52_hi": 339.6,
      "wk52_lo": 258.6
    },
    "soyoil": {
      "ticker": "ZL=F",
      "close": 67.31,
      "open": 66.31,
      "netChange": 1.0,
      "pctChange": 1.5081,
      "wk52_hi": 70.49,
      "wk52_lo": 45.74
    },
    "crude": {
      "ticker": "CL=F",
      "close": 91.17,
      "open": 90.94,
      "netChange": 0.23,
      "pctChange": 0.2529,
      "wk52_hi": 119.48,
      "wk52_lo": 54.98
    },
    "natgas": {
      "ticker": "NG=F",
      "close": 2.61,
      "open": 2.589,
      "netChange": 0.021,
      "pctChange": 0.8111,
      "wk52_hi": 7.827,
      "wk52_lo": 2.561
    },
    "gold": {
      "ticker": "GC=F",
      "close": 4816.7998,
      "open": 4849.6001,
      "netChange": -32.8003,
      "pctChange": -0.6764,
      "wk52_hi": 5586.2002,
      "wk52_lo": 3125.0
    },
    "silver": {
      "ticker": "SI=F",
      "close": 79.34,
      "open": 79.925,
      "netChange": -0.585,
      "pctChange": -0.7319,
      "wk52_hi": 121.3,
      "wk52_lo": 31.685
    },
    "dollar": {
      "ticker": "DX=F",
      "close": 100.0,
      "open": 99.873,
      "netChange": 0.127,
      "pctChange": 0.1272
    },
    "treasury10": {
      "ticker": "^TNX",
      "close": 4.282,
      "open": 4.256,
      "netChange": 0.026,
      "pctChange": 0.6109,
      "wk52_hi": 4.629,
      "wk52_lo": 3.947
    },
    "sp500": {
      "ticker": "^GSPC",
      "close": 7022.9502,
      "open": 6967.38,
      "netChange": 55.5702,
      "pctChange": 0.7976,
      "wk52_hi": 7002.2798,
      "wk52_lo": 5101.6299
    },
    "bitcoin": {
      "ticker": "BTC-USD",
      "close": 74684.50781,
      "open": 74213.28125,
      "netChange": 471.22656,
      "pctChange": 0.635,
      "wk52_hi": 126198.0703,
      "wk52_lo": 60074.2031
    },
    "ripple": {
      "ticker": "XRP-USD",
      "close": 1.3918,
      "open": 1.3623,
      "netChange": 0.0295,
      "pctChange": 2.1655,
      "wk52_hi": 3.6502,
      "wk52_lo": 1.1335
    },
    "kaspa": {
      "ticker": "KAS-USD",
      "close": 0.03328,
      "open": 0.03236,
      "netChange": 0.00092,
      "pctChange": 2.843,
      "wk52_hi": 0.1308,
      "wk52_lo": 0.0139
    }
  }
}