{
  "fetched": "2026-04-23T15:26:02Z",
  "ok": 21,
  "failed": 1,
  "quotes": {
    "corn": {
      "ticker": "ZC=F",
      "close": 463.25,
      "open": 462.75,
      "netChange": 0.5,
      "pctChange": 0.108,
      "wk52_hi": 480.75,
      "wk52_lo": 368.75
    },
    "corn-dec": {
      "ticker": "ZCZ26.CBT",
      "close": 483.0,
      "open": 482.25,
      "netChange": 0.75,
      "pctChange": 0.1555,
      "wk52_hi": 498.5,
      "wk52_lo": 440.75
    },
    "beans": {
      "ticker": "ZS=F",
      "close": 1176.75,
      "open": 1180.75,
      "netChange": -4.0,
      "pctChange": -0.3388,
      "wk52_hi": 1223.25,
      "wk52_lo": 960.75
    },
    "beans-nov": {
      "ticker": "ZSX26.CBT",
      "close": 1155.75,
      "open": 1157.75,
      "netChange": -2.0,
      "pctChange": -0.1727,
      "wk52_hi": 1174.25,
      "wk52_lo": 1023.25
    },
    "wheat": {
      "ticker": "ZW=F",
      "close": 612.5,
      "open": 611.25,
      "netChange": 1.25,
      "pctChange": 0.2045,
      "wk52_hi": 635.0,
      "wk52_lo": 492.25
    },
    "oats": {
      "ticker": "ZO=F",
      "close": 333.5,
      "open": 333.25,
      "netChange": 0.25,
      "pctChange": 0.075,
      "wk52_hi": 403.5,
      "wk52_lo": 272.0
    },
    "cattle": {
      "ticker": "LE=F",
      "close": 242.89999,
      "open": 243.22501,
      "netChange": -0.32502,
      "pctChange": -0.1336,
      "wk52_hi": 253.6,
      "wk52_lo": 204.55
    },
    "feeders": {
      "ticker": "GF=F",
      "close": 358.54999,
      "open": 359.0,
      "netChange": -0.45001,
      "pctChange": -0.1254,
      "wk52_hi": 381.025,
      "wk52_lo": 287.925
    },
    "hogs": {
      "ticker": "HE=F",
      "close": 102.6,
      "open": 102.5,
      "netChange": 0.1,
      "pctChange": 0.0976,
      "wk52_hi": 113.7,
      "wk52_lo": 77.35
    },
    "milk": {
      "ticker": "DC=F",
      "close": 18.03,
      "open": 17.45,
      "netChange": 0.58,
      "pctChange": 3.3238,
      "wk52_hi": 18.89,
      "wk52_lo": 14.53
    },
    "meal": {
      "ticker": "ZM=F",
      "close": 318.0,
      "open": 316.89999,
      "netChange": 1.10001,
      "pctChange": 0.3471,
      "wk52_hi": 339.6,
      "wk52_lo": 258.6
    },
    "soyoil": {
      "ticker": "ZL=F",
      "close": 70.49,
      "open": 71.09,
      "netChange": -0.6,
      "pctChange": -0.844,
      "wk52_hi": 73.32,
      "wk52_lo": 45.74
    },
    "crude": {
      "ticker": "CL=F",
      "close": 93.77,
      "open": 94.55,
      "netChange": -0.78,
      "pctChange": -0.825,
      "wk52_hi": 119.48,
      "wk52_lo": 54.98
    },
    "natgas": {
      "ticker": "NG=F",
      "close": 2.746,
      "open": 2.721,
      "netChange": 0.025,
      "pctChange": 0.9188,
      "wk52_hi": 7.827,
      "wk52_lo": 2.561
    },
    "gold": {
      "ticker": "GC=F",
      "close": 4747.7002,
      "open": 4720.0,
      "netChange": 27.7002,
      "pctChange": 0.5869,
      "wk52_hi": 5586.2002,
      "wk52_lo": 3125.0
    },
    "silver": {
      "ticker": "SI=F",
      "close": 76.125,
      "open": 76.07,
      "netChange": 0.055,
      "pctChange": 0.0723,
      "wk52_hi": 121.3,
      "wk52_lo": 31.685
    },
    "dollar": {
      "ticker": "DX=F",
      "close": 100.0,
      "open": 99.873,
      "netChange": 0.127,
      "pctChange": 0.1272
    },
    "treasury10": {
      "ticker": "^TNX",
      "close": 4.29,
      "open": 4.294,
      "netChange": -0.004,
      "pctChange": -0.0932,
      "wk52_hi": 4.629,
      "wk52_lo": 3.947
    },
    "sp500": {
      "ticker": "^GSPC",
      "close": 7146.37988,
      "open": 7137.12012,
      "netChange": 9.25976,
      "pctChange": 0.1297,
      "wk52_hi": 7147.52,
      "wk52_lo": 5371.96
    },
    "bitcoin": {
      "ticker": "BTC-USD",
      "close": 78579.0,
      "open": 78208.54688,
      "netChange": 370.45312,
      "pctChange": 0.4737,
      "wk52_hi": 126198.0703,
      "wk52_lo": 60074.2031
    },
    "ripple": {
      "ticker": "XRP-USD",
      "close": 1.436,
      "open": 1.4297,
      "netChange": 0.0063,
      "pctChange": 0.4407,
      "wk52_hi": 3.6502,
      "wk52_lo": 1.1335
    },
    "kaspa": {
      "ticker": "KAS-USD",
      "close": 0.03382,
      "open": 0.03436,
      "netChange": -0.00054,
      "pctChange": -1.5716,
      "wk52_hi": 0.1308,
      "wk52_lo": 0.0139
    }
  }
}