{
  "fetched": "2026-03-27T16:10:48Z",
  "ok": 21,
  "failed": 1,
  "quotes": {
    "corn": {
      "ticker": "ZC=F",
      "close": 464.75,
      "open": 467.0,
      "netChange": -2.25,
      "pctChange": -0.4818,
      "wk52_hi": 490.75,
      "wk52_lo": 368.75
    },
    "corn-dec": {
      "ticker": "ZCZ26.CBT",
      "close": 492.25,
      "open": 494.5,
      "netChange": -2.25,
      "pctChange": -0.455,
      "wk52_hi": 498.5,
      "wk52_lo": 440.75
    },
    "beans": {
      "ticker": "ZS=F",
      "close": 1168.25,
      "open": 1174.75,
      "netChange": -6.5,
      "pctChange": -0.5533,
      "wk52_hi": 1223.25,
      "wk52_lo": 960.75
    },
    "beans-nov": {
      "ticker": "ZSX26.CBT",
      "close": 1152.5,
      "open": 1153.25,
      "netChange": -0.75,
      "pctChange": -0.065,
      "wk52_hi": 1174.25,
      "wk52_lo": 992.0
    },
    "wheat": {
      "ticker": "ZW=F",
      "close": 605.5,
      "open": 604.75,
      "netChange": 0.75,
      "pctChange": 0.124,
      "wk52_hi": 635.0,
      "wk52_lo": 492.25
    },
    "oats": {
      "ticker": "ZO=F",
      "close": 341.5,
      "open": 340.25,
      "netChange": 1.25,
      "pctChange": 0.3674,
      "wk52_hi": 403.5,
      "wk52_lo": 272.0
    },
    "cattle": {
      "ticker": "LE=F",
      "close": 237.72501,
      "open": 234.825,
      "netChange": 2.90001,
      "pctChange": 1.235,
      "wk52_hi": 247.75,
      "wk52_lo": 197.75
    },
    "feeders": {
      "ticker": "GF=F",
      "close": 357.20001,
      "open": 351.97501,
      "netChange": 5.225,
      "pctChange": 1.4845,
      "wk52_hi": 381.025,
      "wk52_lo": 273.1
    },
    "hogs": {
      "ticker": "HE=F",
      "close": 105.9,
      "open": 104.325,
      "netChange": 1.575,
      "pctChange": 1.5097,
      "wk52_hi": 113.7,
      "wk52_lo": 77.35
    },
    "milk": {
      "ticker": "DC=F",
      "close": 17.87,
      "open": 17.95,
      "netChange": -0.08,
      "pctChange": -0.4457,
      "wk52_hi": 18.89,
      "wk52_lo": 14.53
    },
    "meal": {
      "ticker": "ZM=F",
      "close": 319.60001,
      "open": 322.0,
      "netChange": -2.39999,
      "pctChange": -0.7453,
      "wk52_hi": 335.5,
      "wk52_lo": 258.6
    },
    "soyoil": {
      "ticker": "ZL=F",
      "close": 68.49,
      "open": 68.1,
      "netChange": 0.39,
      "pctChange": 0.5727,
      "wk52_hi": 69.24,
      "wk52_lo": 43.83
    },
    "crude": {
      "ticker": "CL=F",
      "close": 98.01,
      "open": 93.46,
      "netChange": 4.55,
      "pctChange": 4.8684,
      "wk52_hi": 119.48,
      "wk52_lo": 54.98
    },
    "natgas": {
      "ticker": "NG=F",
      "close": 3.002,
      "open": 2.932,
      "netChange": 0.07,
      "pctChange": 2.3874,
      "wk52_hi": 7.827,
      "wk52_lo": 2.622
    },
    "gold": {
      "ticker": "GC=F",
      "close": 4553.7998,
      "open": 4432.0,
      "netChange": 121.7998,
      "pctChange": 2.7482,
      "wk52_hi": 5586.2002,
      "wk52_lo": 2949.7
    },
    "silver": {
      "ticker": "SI=F",
      "close": 70.83,
      "open": 69.395,
      "netChange": 1.435,
      "pctChange": 2.0679,
      "wk52_hi": 121.3,
      "wk52_lo": 28.31
    },
    "dollar": {
      "ticker": "DX=F",
      "close": 100.0,
      "open": 99.873,
      "netChange": 0.127,
      "pctChange": 0.1272
    },
    "treasury10": {
      "ticker": "^TNX",
      "close": 4.418,
      "open": 4.416,
      "netChange": 0.002,
      "pctChange": 0.0453,
      "wk52_hi": 4.629,
      "wk52_lo": 3.886
    },
    "sp500": {
      "ticker": "^GSPC",
      "close": 6416.10986,
      "open": 6477.10986,
      "netChange": -61.0,
      "pctChange": -0.9418,
      "wk52_hi": 7002.2798,
      "wk52_lo": 4835.04
    },
    "bitcoin": {
      "ticker": "BTC-USD",
      "close": 65871.64844,
      "open": 68772.9375,
      "netChange": -2901.28906,
      "pctChange": -4.2186,
      "wk52_hi": 126198.0703,
      "wk52_lo": 60074.2031
    },
    "ripple": {
      "ticker": "XRP-USD",
      "close": 1.33251,
      "open": 1.36004,
      "netChange": -0.02753,
      "pctChange": -2.0242,
      "wk52_hi": 3.6502,
      "wk52_lo": 1.1335
    },
    "kaspa": {
      "ticker": "KAS-USD",
      "close": 0.03475,
      "open": 0.03603,
      "netChange": -0.00128,
      "pctChange": -3.5526,
      "wk52_hi": 0.1308,
      "wk52_lo": 0.0139
    }
  }
}