{
  "fetched": "2026-04-08T12:09:39Z",
  "ok": 21,
  "failed": 1,
  "quotes": {
    "corn": {
      "ticker": "ZC=F",
      "close": 443.75,
      "open": 444.25,
      "netChange": -0.5,
      "pctChange": -0.1125,
      "wk52_hi": 490.75,
      "wk52_lo": 368.75
    },
    "corn-dec": {
      "ticker": "ZCZ26.CBT",
      "close": 471.25,
      "open": 472.0,
      "netChange": -0.75,
      "pctChange": -0.1589,
      "wk52_hi": 498.5,
      "wk52_lo": 440.75
    },
    "beans": {
      "ticker": "ZS=F",
      "close": 1157.5,
      "open": 1155.0,
      "netChange": 2.5,
      "pctChange": 0.2165,
      "wk52_hi": 1223.25,
      "wk52_lo": 960.75
    },
    "beans-nov": {
      "ticker": "ZSX26.CBT",
      "close": 1148.75,
      "open": 1146.25,
      "netChange": 2.5,
      "pctChange": 0.2181,
      "wk52_hi": 1174.25,
      "wk52_lo": 992.0
    },
    "wheat": {
      "ticker": "ZW=F",
      "close": 579.0,
      "open": 580.75,
      "netChange": -1.75,
      "pctChange": -0.3013,
      "wk52_hi": 635.0,
      "wk52_lo": 492.25
    },
    "oats": {
      "ticker": "ZO=F",
      "close": 334.5,
      "open": 335.5,
      "netChange": -1.0,
      "pctChange": -0.2981,
      "wk52_hi": 403.5,
      "wk52_lo": 272.0
    },
    "cattle": {
      "ticker": "LE=F",
      "close": 245.55,
      "open": 247.02499,
      "netChange": -1.47499,
      "pctChange": -0.5971,
      "wk52_hi": 249.0,
      "wk52_lo": 197.75
    },
    "feeders": {
      "ticker": "GF=F",
      "close": 366.425,
      "open": 370.35001,
      "netChange": -3.92501,
      "pctChange": -1.0598,
      "wk52_hi": 381.025,
      "wk52_lo": 280.075
    },
    "hogs": {
      "ticker": "HE=F",
      "close": 107.075,
      "open": 107.7,
      "netChange": -0.625,
      "pctChange": -0.5803,
      "wk52_hi": 113.7,
      "wk52_lo": 77.35
    },
    "milk": {
      "ticker": "DC=F",
      "close": 17.37,
      "open": 17.4,
      "netChange": -0.03,
      "pctChange": -0.1724,
      "wk52_hi": 18.89,
      "wk52_lo": 14.53
    },
    "meal": {
      "ticker": "ZM=F",
      "close": 313.89999,
      "open": 313.70001,
      "netChange": 0.19998,
      "pctChange": 0.0637,
      "wk52_hi": 335.5,
      "wk52_lo": 258.6
    },
    "soyoil": {
      "ticker": "ZL=F",
      "close": 67.26,
      "open": 67.24,
      "netChange": 0.02,
      "pctChange": 0.0297,
      "wk52_hi": 70.49,
      "wk52_lo": 43.83
    },
    "crude": {
      "ticker": "CL=F",
      "close": 93.27,
      "open": 96.48,
      "netChange": -3.21,
      "pctChange": -3.3271,
      "wk52_hi": 119.48,
      "wk52_lo": 54.98
    },
    "natgas": {
      "ticker": "NG=F",
      "close": 2.753,
      "open": 2.745,
      "netChange": 0.008,
      "pctChange": 0.2914,
      "wk52_hi": 7.827,
      "wk52_lo": 2.622
    },
    "gold": {
      "ticker": "GC=F",
      "close": 4825.5,
      "open": 4828.2002,
      "netChange": -2.7002,
      "pctChange": -0.0559,
      "wk52_hi": 5586.2002,
      "wk52_lo": 2965.8
    },
    "silver": {
      "ticker": "SI=F",
      "close": 77.435,
      "open": 76.455,
      "netChange": 0.98,
      "pctChange": 1.2818,
      "wk52_hi": 121.3,
      "wk52_lo": 29.255
    },
    "dollar": {
      "ticker": "DX=F",
      "close": 100.0,
      "open": 99.873,
      "netChange": 0.127,
      "pctChange": 0.1272
    },
    "treasury10": {
      "ticker": "^TNX",
      "close": 4.343,
      "open": 4.335,
      "netChange": 0.008,
      "pctChange": 0.1845,
      "wk52_hi": 4.629,
      "wk52_lo": 3.947
    },
    "sp500": {
      "ticker": "^GSPC",
      "close": 6616.8501,
      "open": 6611.83,
      "netChange": 5.0201,
      "pctChange": 0.0759,
      "wk52_hi": 7002.2798,
      "wk52_lo": 4948.4302
    },
    "bitcoin": {
      "ticker": "BTC-USD",
      "close": 71710.82812,
      "open": 71926.75781,
      "netChange": -215.92969,
      "pctChange": -0.3002,
      "wk52_hi": 126198.0703,
      "wk52_lo": 60074.2031
    },
    "ripple": {
      "ticker": "XRP-USD",
      "close": 1.37936,
      "open": 1.38145,
      "netChange": -0.00209,
      "pctChange": -0.1513,
      "wk52_hi": 3.6502,
      "wk52_lo": 1.1335
    },
    "kaspa": {
      "ticker": "KAS-USD",
      "close": 0.03301,
      "open": 0.03284,
      "netChange": 0.00017,
      "pctChange": 0.5177,
      "wk52_hi": 0.1308,
      "wk52_lo": 0.0139
    }
  }
}