{
  "fetched": "2026-04-10T16:46:03Z",
  "ok": 21,
  "failed": 1,
  "quotes": {
    "corn": {
      "ticker": "ZC=F",
      "close": 441.5,
      "open": 444.25,
      "netChange": -2.75,
      "pctChange": -0.619,
      "wk52_hi": 490.75,
      "wk52_lo": 368.75
    },
    "corn-dec": {
      "ticker": "ZCZ26.CBT",
      "close": 472.25,
      "open": 473.75,
      "netChange": -1.5,
      "pctChange": -0.3166,
      "wk52_hi": 498.5,
      "wk52_lo": 440.75
    },
    "beans": {
      "ticker": "ZS=F",
      "close": 1176.0,
      "open": 1167.75,
      "netChange": 8.25,
      "pctChange": 0.7065,
      "wk52_hi": 1223.25,
      "wk52_lo": 960.75
    },
    "beans-nov": {
      "ticker": "ZSX26.CBT",
      "close": 1158.75,
      "open": 1154.75,
      "netChange": 4.0,
      "pctChange": 0.3464,
      "wk52_hi": 1174.25,
      "wk52_lo": 1014.5
    },
    "wheat": {
      "ticker": "ZW=F",
      "close": 572.5,
      "open": 576.25,
      "netChange": -3.75,
      "pctChange": -0.6508,
      "wk52_hi": 635.0,
      "wk52_lo": 492.25
    },
    "oats": {
      "ticker": "ZO=F",
      "close": 337.5,
      "open": 334.5,
      "netChange": 3.0,
      "pctChange": 0.8969,
      "wk52_hi": 403.5,
      "wk52_lo": 272.0
    },
    "cattle": {
      "ticker": "LE=F",
      "close": 248.425,
      "open": 247.52499,
      "netChange": 0.90001,
      "pctChange": 0.3636,
      "wk52_hi": 249.95,
      "wk52_lo": 200.45
    },
    "feeders": {
      "ticker": "GF=F",
      "close": 371.75,
      "open": 370.77499,
      "netChange": 0.97501,
      "pctChange": 0.263,
      "wk52_hi": 381.025,
      "wk52_lo": 282.325
    },
    "hogs": {
      "ticker": "HE=F",
      "close": 103.725,
      "open": 104.175,
      "netChange": -0.45,
      "pctChange": -0.432,
      "wk52_hi": 113.7,
      "wk52_lo": 77.35
    },
    "milk": {
      "ticker": "DC=F",
      "close": 17.2,
      "open": 17.05,
      "netChange": 0.15,
      "pctChange": 0.8798,
      "wk52_hi": 18.89,
      "wk52_lo": 14.53
    },
    "meal": {
      "ticker": "ZM=F",
      "close": 331.5,
      "open": 320.39999,
      "netChange": 11.10001,
      "pctChange": 3.4644,
      "wk52_hi": 335.5,
      "wk52_lo": 258.6
    },
    "soyoil": {
      "ticker": "ZL=F",
      "close": 67.12,
      "open": 67.48,
      "netChange": -0.36,
      "pctChange": -0.5335,
      "wk52_hi": 70.49,
      "wk52_lo": 45.74
    },
    "crude": {
      "ticker": "CL=F",
      "close": 98.72,
      "open": 97.79,
      "netChange": 0.93,
      "pctChange": 0.951,
      "wk52_hi": 119.48,
      "wk52_lo": 54.98
    },
    "natgas": {
      "ticker": "NG=F",
      "close": 2.665,
      "open": 2.668,
      "netChange": -0.003,
      "pctChange": -0.1124,
      "wk52_hi": 7.827,
      "wk52_lo": 2.622
    },
    "gold": {
      "ticker": "GC=F",
      "close": 4787.1001,
      "open": 4789.1001,
      "netChange": -2.0,
      "pctChange": -0.0418,
      "wk52_hi": 5586.2002,
      "wk52_lo": 3125.0
    },
    "silver": {
      "ticker": "SI=F",
      "close": 76.24,
      "open": 75.95,
      "netChange": 0.29,
      "pctChange": 0.3818,
      "wk52_hi": 121.3,
      "wk52_lo": 31.115
    },
    "dollar": {
      "ticker": "DX=F",
      "close": 100.0,
      "open": 99.873,
      "netChange": 0.127,
      "pctChange": 0.1272
    },
    "treasury10": {
      "ticker": "^TNX",
      "close": 4.315,
      "open": 4.293,
      "netChange": 0.022,
      "pctChange": 0.5125,
      "wk52_hi": 4.629,
      "wk52_lo": 3.947
    },
    "sp500": {
      "ticker": "^GSPC",
      "close": 6810.4502,
      "open": 6823.93994,
      "netChange": -13.48974,
      "pctChange": -0.1977,
      "wk52_hi": 7002.2798,
      "wk52_lo": 5101.6299
    },
    "bitcoin": {
      "ticker": "BTC-USD",
      "close": 72702.96094,
      "open": 71771.63281,
      "netChange": 931.32813,
      "pctChange": 1.2976,
      "wk52_hi": 126198.0703,
      "wk52_lo": 60074.2031
    },
    "ripple": {
      "ticker": "XRP-USD",
      "close": 1.34982,
      "open": 1.34423,
      "netChange": 0.00559,
      "pctChange": 0.4159,
      "wk52_hi": 3.6502,
      "wk52_lo": 1.1335
    },
    "kaspa": {
      "ticker": "KAS-USD",
      "close": 0.0336,
      "open": 0.03214,
      "netChange": 0.00146,
      "pctChange": 4.5426,
      "wk52_hi": 0.1308,
      "wk52_lo": 0.0139
    }
  }
}