{
  "fetched": "2026-04-21T16:56:13Z",
  "ok": 21,
  "failed": 1,
  "quotes": {
    "corn": {
      "ticker": "ZC=F",
      "close": 462.75,
      "open": 459.25,
      "netChange": 3.5,
      "pctChange": 0.7621,
      "wk52_hi": 483.0,
      "wk52_lo": 368.75
    },
    "corn-dec": {
      "ticker": "ZCZ26.CBT",
      "close": 482.75,
      "open": 478.5,
      "netChange": 4.25,
      "pctChange": 0.8882,
      "wk52_hi": 498.5,
      "wk52_lo": 440.75
    },
    "beans": {
      "ticker": "ZS=F",
      "close": 1191.5,
      "open": 1184.5,
      "netChange": 7.0,
      "pctChange": 0.591,
      "wk52_hi": 1223.25,
      "wk52_lo": 960.75
    },
    "beans-nov": {
      "ticker": "ZSX26.CBT",
      "close": 1168.25,
      "open": 1159.0,
      "netChange": 9.25,
      "pctChange": 0.7981,
      "wk52_hi": 1174.25,
      "wk52_lo": 1023.25
    },
    "wheat": {
      "ticker": "ZW=F",
      "close": 610.25,
      "open": 607.75,
      "netChange": 2.5,
      "pctChange": 0.4114,
      "wk52_hi": 635.0,
      "wk52_lo": 492.25
    },
    "oats": {
      "ticker": "ZO=F",
      "close": 338.75,
      "open": 338.5,
      "netChange": 0.25,
      "pctChange": 0.0739,
      "wk52_hi": 403.5,
      "wk52_lo": 272.0
    },
    "cattle": {
      "ticker": "LE=F",
      "close": 244.75,
      "open": 246.14999,
      "netChange": -1.39999,
      "pctChange": -0.5688,
      "wk52_hi": 253.6,
      "wk52_lo": 204.55
    },
    "feeders": {
      "ticker": "GF=F",
      "close": 359.52499,
      "open": 361.35001,
      "netChange": -1.82502,
      "pctChange": -0.5051,
      "wk52_hi": 381.025,
      "wk52_lo": 286.05
    },
    "hogs": {
      "ticker": "HE=F",
      "close": 103.125,
      "open": 101.725,
      "netChange": 1.4,
      "pctChange": 1.3763,
      "wk52_hi": 113.7,
      "wk52_lo": 77.35
    },
    "milk": {
      "ticker": "DC=F",
      "close": 17.92,
      "open": 17.11,
      "netChange": 0.81,
      "pctChange": 4.7341,
      "wk52_hi": 18.89,
      "wk52_lo": 14.53
    },
    "meal": {
      "ticker": "ZM=F",
      "close": 320.70001,
      "open": 320.79999,
      "netChange": -0.09998,
      "pctChange": -0.0312,
      "wk52_hi": 339.6,
      "wk52_lo": 258.6
    },
    "soyoil": {
      "ticker": "ZL=F",
      "close": 71.45,
      "open": 69.56,
      "netChange": 1.89,
      "pctChange": 2.7171,
      "wk52_hi": 70.49,
      "wk52_lo": 45.74
    },
    "crude": {
      "ticker": "CL=F",
      "close": 90.28,
      "open": 86.68,
      "netChange": 3.6,
      "pctChange": 4.1532,
      "wk52_hi": 119.48,
      "wk52_lo": 54.98
    },
    "natgas": {
      "ticker": "NG=F",
      "close": 2.701,
      "open": 2.66,
      "netChange": 0.041,
      "pctChange": 1.5414,
      "wk52_hi": 7.827,
      "wk52_lo": 2.561
    },
    "gold": {
      "ticker": "GC=F",
      "close": 4739.3999,
      "open": 4816.2998,
      "netChange": -76.8999,
      "pctChange": -1.5967,
      "wk52_hi": 5586.2002,
      "wk52_lo": 3125.0
    },
    "silver": {
      "ticker": "SI=F",
      "close": 76.74,
      "open": 78.955,
      "netChange": -2.215,
      "pctChange": -2.8054,
      "wk52_hi": 121.3,
      "wk52_lo": 31.685
    },
    "dollar": {
      "ticker": "DX=F",
      "close": 100.0,
      "open": 99.873,
      "netChange": 0.127,
      "pctChange": 0.1272
    },
    "treasury10": {
      "ticker": "^TNX",
      "close": 4.295,
      "open": 4.25,
      "netChange": 0.045,
      "pctChange": 1.0588,
      "wk52_hi": 4.629,
      "wk52_lo": 3.947
    },
    "sp500": {
      "ticker": "^GSPC",
      "close": 7082.47998,
      "open": 7110.37988,
      "netChange": -27.8999,
      "pctChange": -0.3924,
      "wk52_hi": 7147.52,
      "wk52_lo": 5207.6699
    },
    "bitcoin": {
      "ticker": "BTC-USD",
      "close": 75945.53125,
      "open": 75875.03906,
      "netChange": 70.49219,
      "pctChange": 0.0929,
      "wk52_hi": 126198.0703,
      "wk52_lo": 60074.2031
    },
    "ripple": {
      "ticker": "XRP-USD",
      "close": 1.4309,
      "open": 1.425,
      "netChange": 0.0059,
      "pctChange": 0.414,
      "wk52_hi": 3.6502,
      "wk52_lo": 1.1335
    },
    "kaspa": {
      "ticker": "KAS-USD",
      "close": 0.03472,
      "open": 0.03484,
      "netChange": -0.00012,
      "pctChange": -0.3444,
      "wk52_hi": 0.1308,
      "wk52_lo": 0.0139
    }
  }
}