{
  "fetched": "2026-04-24T17:29:15Z",
  "ok": 21,
  "failed": 1,
  "quotes": {
    "corn": {
      "ticker": "ZC=F",
      "close": 462.75,
      "open": 463.5,
      "netChange": -0.75,
      "pctChange": -0.1618,
      "wk52_hi": 480.75,
      "wk52_lo": 368.75
    },
    "corn-dec": {
      "ticker": "ZCZ26.CBT",
      "close": 483.25,
      "open": 483.5,
      "netChange": -0.25,
      "pctChange": -0.0517,
      "wk52_hi": 498.5,
      "wk52_lo": 440.75
    },
    "beans": {
      "ticker": "ZS=F",
      "close": 1177.5,
      "open": 1172.75,
      "netChange": 4.75,
      "pctChange": 0.405,
      "wk52_hi": 1223.25,
      "wk52_lo": 960.75
    },
    "beans-nov": {
      "ticker": "ZSX26.CBT",
      "close": 1155.5,
      "open": 1152.5,
      "netChange": 3.0,
      "pctChange": 0.2603,
      "wk52_hi": 1174.25,
      "wk52_lo": 1023.25
    },
    "wheat": {
      "ticker": "ZW=F",
      "close": 615.25,
      "open": 619.25,
      "netChange": -4.0,
      "pctChange": -0.6459,
      "wk52_hi": 635.0,
      "wk52_lo": 492.25
    },
    "oats": {
      "ticker": "ZO=F",
      "close": 337.75,
      "open": 335.5,
      "netChange": 2.25,
      "pctChange": 0.6706,
      "wk52_hi": 403.5,
      "wk52_lo": 272.0
    },
    "cattle": {
      "ticker": "LE=F",
      "close": 244.27499,
      "open": 243.47501,
      "netChange": 0.79998,
      "pctChange": 0.3286,
      "wk52_hi": 253.6,
      "wk52_lo": 204.55
    },
    "feeders": {
      "ticker": "GF=F",
      "close": 360.32501,
      "open": 359.125,
      "netChange": 1.20001,
      "pctChange": 0.3341,
      "wk52_hi": 381.025,
      "wk52_lo": 288.475
    },
    "hogs": {
      "ticker": "HE=F",
      "close": 102.125,
      "open": 103.425,
      "netChange": -1.3,
      "pctChange": -1.2569,
      "wk52_hi": 113.7,
      "wk52_lo": 77.35
    },
    "milk": {
      "ticker": "DC=F",
      "close": 18.11,
      "open": 18.01,
      "netChange": 0.1,
      "pctChange": 0.5552,
      "wk52_hi": 18.89,
      "wk52_lo": 14.53
    },
    "meal": {
      "ticker": "ZM=F",
      "close": 318.10001,
      "open": 316.60001,
      "netChange": 1.5,
      "pctChange": 0.4738,
      "wk52_hi": 339.6,
      "wk52_lo": 258.6
    },
    "soyoil": {
      "ticker": "ZL=F",
      "close": 71.28,
      "open": 70.99,
      "netChange": 0.29,
      "pctChange": 0.4085,
      "wk52_hi": 73.32,
      "wk52_lo": 45.74
    },
    "crude": {
      "ticker": "CL=F",
      "close": 93.78,
      "open": 96.62,
      "netChange": -2.84,
      "pctChange": -2.9394,
      "wk52_hi": 119.48,
      "wk52_lo": 54.98
    },
    "natgas": {
      "ticker": "NG=F",
      "close": 2.684,
      "open": 2.722,
      "netChange": -0.038,
      "pctChange": -1.396,
      "wk52_hi": 7.827,
      "wk52_lo": 2.561
    },
    "gold": {
      "ticker": "GC=F",
      "close": 4744.7002,
      "open": 4687.5,
      "netChange": 57.2002,
      "pctChange": 1.2203,
      "wk52_hi": 5586.2002,
      "wk52_lo": 3125.0
    },
    "silver": {
      "ticker": "SI=F",
      "close": 76.45,
      "open": 74.81,
      "netChange": 1.64,
      "pctChange": 2.1922,
      "wk52_hi": 121.3,
      "wk52_lo": 31.685
    },
    "dollar": {
      "ticker": "DX=F",
      "close": 100.0,
      "open": 99.873,
      "netChange": 0.127,
      "pctChange": 0.1272
    },
    "treasury10": {
      "ticker": "^TNX",
      "close": 4.31,
      "open": 4.323,
      "netChange": -0.013,
      "pctChange": -0.3007,
      "wk52_hi": 4.629,
      "wk52_lo": 3.947
    },
    "sp500": {
      "ticker": "^GSPC",
      "close": 7155.45996,
      "open": 7108.04004,
      "netChange": 47.41992,
      "pctChange": 0.6671,
      "wk52_hi": 7147.7798,
      "wk52_lo": 5433.2402
    },
    "bitcoin": {
      "ticker": "BTC-USD",
      "close": 77738.09375,
      "open": 78281.14844,
      "netChange": -543.05469,
      "pctChange": -0.6937,
      "wk52_hi": 126198.0703,
      "wk52_lo": 60074.2031
    },
    "ripple": {
      "ticker": "XRP-USD",
      "close": 1.4411,
      "open": 1.4393,
      "netChange": 0.0018,
      "pctChange": 0.1251,
      "wk52_hi": 3.6502,
      "wk52_lo": 1.1335
    },
    "kaspa": {
      "ticker": "KAS-USD",
      "close": 0.03422,
      "open": 0.03436,
      "netChange": -0.00014,
      "pctChange": -0.4075,
      "wk52_hi": 0.1308,
      "wk52_lo": 0.0139
    }
  }
}