{
  "fetched": "2026-04-21T06:00:15Z",
  "ok": 21,
  "failed": 1,
  "quotes": {
    "corn": {
      "ticker": "ZC=F",
      "close": 459.25,
      "open": 459.5,
      "netChange": -0.25,
      "pctChange": -0.0544,
      "wk52_hi": 483.0,
      "wk52_lo": 368.75
    },
    "corn-dec": {
      "ticker": "ZCZ26.CBT",
      "close": 478.5,
      "open": 478.75,
      "netChange": -0.25,
      "pctChange": -0.0522,
      "wk52_hi": 498.5,
      "wk52_lo": 440.75
    },
    "beans": {
      "ticker": "ZS=F",
      "close": 1185.25,
      "open": 1184.5,
      "netChange": 0.75,
      "pctChange": 0.0633,
      "wk52_hi": 1223.25,
      "wk52_lo": 960.75
    },
    "beans-nov": {
      "ticker": "ZSX26.CBT",
      "close": 1160.25,
      "open": 1159.75,
      "netChange": 0.5,
      "pctChange": 0.0431,
      "wk52_hi": 1174.25,
      "wk52_lo": 1023.25
    },
    "wheat": {
      "ticker": "ZW=F",
      "close": 606.5,
      "open": 606.25,
      "netChange": 0.25,
      "pctChange": 0.0412,
      "wk52_hi": 635.0,
      "wk52_lo": 492.25
    },
    "oats": {
      "ticker": "ZO=F",
      "close": 338.5,
      "open": 332.25,
      "netChange": 6.25,
      "pctChange": 1.8811,
      "wk52_hi": 403.5,
      "wk52_lo": 272.0
    },
    "cattle": {
      "ticker": "LE=F",
      "close": 246.15,
      "open": 247.14999,
      "netChange": -0.99999,
      "pctChange": -0.4046,
      "wk52_hi": 253.6,
      "wk52_lo": 204.55
    },
    "feeders": {
      "ticker": "GF=F",
      "close": 361.75,
      "open": 365.27499,
      "netChange": -3.52499,
      "pctChange": -0.965,
      "wk52_hi": 381.025,
      "wk52_lo": 286.05
    },
    "hogs": {
      "ticker": "HE=F",
      "close": 101.775,
      "open": 101.05,
      "netChange": 0.725,
      "pctChange": 0.7175,
      "wk52_hi": 113.7,
      "wk52_lo": 77.35
    },
    "milk": {
      "ticker": "DC=F",
      "close": 17.09,
      "open": 17.11,
      "netChange": -0.02,
      "pctChange": -0.1169,
      "wk52_hi": 18.89,
      "wk52_lo": 14.53
    },
    "meal": {
      "ticker": "ZM=F",
      "close": 321.20001,
      "open": 320.70001,
      "netChange": 0.5,
      "pctChange": 0.1559,
      "wk52_hi": 339.6,
      "wk52_lo": 258.6
    },
    "soyoil": {
      "ticker": "ZL=F",
      "close": 69.7,
      "open": 69.56,
      "netChange": 0.14,
      "pctChange": 0.2013,
      "wk52_hi": 70.49,
      "wk52_lo": 45.74
    },
    "crude": {
      "ticker": "CL=F",
      "close": 86.21,
      "open": 86.58,
      "netChange": -0.37,
      "pctChange": -0.4274,
      "wk52_hi": 119.48,
      "wk52_lo": 54.98
    },
    "natgas": {
      "ticker": "NG=F",
      "close": 2.657,
      "open": 2.66,
      "netChange": -0.003,
      "pctChange": -0.1128,
      "wk52_hi": 7.827,
      "wk52_lo": 2.561
    },
    "gold": {
      "ticker": "GC=F",
      "close": 4806.6001,
      "open": 4824.3999,
      "netChange": -17.7998,
      "pctChange": -0.369,
      "wk52_hi": 5586.2002,
      "wk52_lo": 3125.0
    },
    "silver": {
      "ticker": "SI=F",
      "close": 79.15,
      "open": 79.42,
      "netChange": -0.27,
      "pctChange": -0.34,
      "wk52_hi": 121.3,
      "wk52_lo": 31.685
    },
    "dollar": {
      "ticker": "DX=F",
      "close": 100.0,
      "open": 99.873,
      "netChange": 0.127,
      "pctChange": 0.1272
    },
    "treasury10": {
      "ticker": "^TNX",
      "close": 4.25,
      "open": 4.246,
      "netChange": 0.004,
      "pctChange": 0.0942,
      "wk52_hi": 4.629,
      "wk52_lo": 3.947
    },
    "sp500": {
      "ticker": "^GSPC",
      "close": 7109.14014,
      "open": 7126.06,
      "netChange": -16.91986,
      "pctChange": -0.2374,
      "wk52_hi": 7147.52,
      "wk52_lo": 5207.6699
    },
    "bitcoin": {
      "ticker": "BTC-USD",
      "close": 75835.77344,
      "open": 75875.03906,
      "netChange": -39.26562,
      "pctChange": -0.0518,
      "wk52_hi": 126198.0703,
      "wk52_lo": 60074.2031
    },
    "ripple": {
      "ticker": "XRP-USD",
      "close": 1.4328,
      "open": 1.425,
      "netChange": 0.0078,
      "pctChange": 0.5474,
      "wk52_hi": 3.6502,
      "wk52_lo": 1.1335
    },
    "kaspa": {
      "ticker": "KAS-USD",
      "close": 0.03522,
      "open": 0.03484,
      "netChange": 0.00038,
      "pctChange": 1.0907,
      "wk52_hi": 0.1308,
      "wk52_lo": 0.0139
    }
  }
}