{
  "fetched": "2026-04-20T12:45:53Z",
  "ok": 21,
  "failed": 1,
  "quotes": {
    "corn": {
      "ticker": "ZC=F",
      "close": 457.0,
      "open": 450.25,
      "netChange": 6.75,
      "pctChange": 1.4992,
      "wk52_hi": 487.25,
      "wk52_lo": 368.75
    },
    "corn-dec": {
      "ticker": "ZCZ26.CBT",
      "close": 476.25,
      "open": 479.0,
      "netChange": -2.75,
      "pctChange": -0.5741,
      "wk52_hi": 498.5,
      "wk52_lo": 440.75
    },
    "beans": {
      "ticker": "ZS=F",
      "close": 1165.0,
      "open": 1182.0,
      "netChange": -17.0,
      "pctChange": -1.4382,
      "wk52_hi": 1223.25,
      "wk52_lo": 960.75
    },
    "beans-nov": {
      "ticker": "ZSX26.CBT",
      "close": 1155.25,
      "open": 1156.5,
      "netChange": -1.25,
      "pctChange": -0.1081,
      "wk52_hi": 1174.25,
      "wk52_lo": 1023.25
    },
    "wheat": {
      "ticker": "ZW=F",
      "close": 602.75,
      "open": 607.25,
      "netChange": -4.5,
      "pctChange": -0.741,
      "wk52_hi": 635.0,
      "wk52_lo": 492.25
    },
    "oats": {
      "ticker": "ZO=F",
      "close": 341.0,
      "open": 332.25,
      "netChange": 8.75,
      "pctChange": 2.6336,
      "wk52_hi": 403.5,
      "wk52_lo": 272.0
    },
    "cattle": {
      "ticker": "LE=F",
      "close": 247.35,
      "open": 247.60001,
      "netChange": -0.25001,
      "pctChange": -0.101,
      "wk52_hi": 253.6,
      "wk52_lo": 204.55
    },
    "feeders": {
      "ticker": "GF=F",
      "close": 365.675,
      "open": 366.92499,
      "netChange": -1.24999,
      "pctChange": -0.3407,
      "wk52_hi": 381.025,
      "wk52_lo": 285.1
    },
    "hogs": {
      "ticker": "HE=F",
      "close": 101.05,
      "open": 101.7,
      "netChange": -0.65,
      "pctChange": -0.6391,
      "wk52_hi": 113.7,
      "wk52_lo": 77.35
    },
    "milk": {
      "ticker": "DC=F",
      "close": 16.97,
      "open": 17.07,
      "netChange": -0.1,
      "pctChange": -0.5858,
      "wk52_hi": 18.89,
      "wk52_lo": 14.53
    },
    "meal": {
      "ticker": "ZM=F",
      "close": 324.89999,
      "open": 324.60001,
      "netChange": 0.29998,
      "pctChange": 0.0924,
      "wk52_hi": 339.6,
      "wk52_lo": 258.6
    },
    "soyoil": {
      "ticker": "ZL=F",
      "close": 68.28,
      "open": 68.36,
      "netChange": -0.08,
      "pctChange": -0.117,
      "wk52_hi": 70.49,
      "wk52_lo": 45.74
    },
    "crude": {
      "ticker": "CL=F",
      "close": 86.97,
      "open": 82.59,
      "netChange": 4.38,
      "pctChange": 5.3033,
      "wk52_hi": 119.48,
      "wk52_lo": 54.98
    },
    "natgas": {
      "ticker": "NG=F",
      "close": 2.726,
      "open": 2.674,
      "netChange": 0.052,
      "pctChange": 1.9447,
      "wk52_hi": 7.827,
      "wk52_lo": 2.561
    },
    "gold": {
      "ticker": "GC=F",
      "close": 4824.3999,
      "open": 4813.2998,
      "netChange": 11.1001,
      "pctChange": 0.2306,
      "wk52_hi": 5586.2002,
      "wk52_lo": 3125.0
    },
    "silver": {
      "ticker": "SI=F",
      "close": 79.57,
      "open": 80.31,
      "netChange": -0.74,
      "pctChange": -0.9214,
      "wk52_hi": 121.3,
      "wk52_lo": 31.685
    },
    "dollar": {
      "ticker": "DX=F",
      "close": 100.0,
      "open": 99.873,
      "netChange": 0.127,
      "pctChange": 0.1272
    },
    "treasury10": {
      "ticker": "^TNX",
      "close": 4.256,
      "open": 4.246,
      "netChange": 0.01,
      "pctChange": 0.2355,
      "wk52_hi": 4.629,
      "wk52_lo": 3.947
    },
    "sp500": {
      "ticker": "^GSPC",
      "close": 7126.06006,
      "open": 7041.28,
      "netChange": 84.78006,
      "pctChange": 1.204,
      "wk52_hi": 7147.52,
      "wk52_lo": 5101.6299
    },
    "bitcoin": {
      "ticker": "BTC-USD",
      "close": 75259.99219,
      "open": 73815.20312,
      "netChange": 1444.78907,
      "pctChange": 1.9573,
      "wk52_hi": 126198.0703,
      "wk52_lo": 60074.2031
    },
    "ripple": {
      "ticker": "XRP-USD",
      "close": 1.4212,
      "open": 1.3946,
      "netChange": 0.0266,
      "pctChange": 1.9074,
      "wk52_hi": 3.6502,
      "wk52_lo": 1.1335
    },
    "kaspa": {
      "ticker": "KAS-USD",
      "close": 0.03471,
      "open": 0.03419,
      "netChange": 0.00052,
      "pctChange": 1.5209,
      "wk52_hi": 0.1308,
      "wk52_lo": 0.0139
    }
  }
}