{
  "fetched": "2026-04-13T03:39:10Z",
  "ok": 21,
  "failed": 1,
  "quotes": {
    "corn": {
      "ticker": "ZC=F",
      "close": 444.25,
      "open": 440.75,
      "netChange": 3.5,
      "pctChange": 0.7941,
      "wk52_hi": 490.25,
      "wk52_lo": 368.75
    },
    "corn-dec": {
      "ticker": "ZCZ26.CBT",
      "close": 475.25,
      "open": 471.75,
      "netChange": 3.5,
      "pctChange": 0.7419,
      "wk52_hi": 498.5,
      "wk52_lo": 440.75
    },
    "beans": {
      "ticker": "ZS=F",
      "close": 1175.5,
      "open": 1174.5,
      "netChange": 1.0,
      "pctChange": 0.0851,
      "wk52_hi": 1223.25,
      "wk52_lo": 960.75
    },
    "beans-nov": {
      "ticker": "ZSX26.CBT",
      "close": 1159.5,
      "open": 1156.25,
      "netChange": 3.25,
      "pctChange": 0.2811,
      "wk52_hi": 1174.25,
      "wk52_lo": 1023.25
    },
    "wheat": {
      "ticker": "ZW=F",
      "close": 579.25,
      "open": 570.0,
      "netChange": 9.25,
      "pctChange": 1.6228,
      "wk52_hi": 635.0,
      "wk52_lo": 492.25
    },
    "oats": {
      "ticker": "ZO=F",
      "close": 334.0,
      "open": 333.75,
      "netChange": 0.25,
      "pctChange": 0.0749,
      "wk52_hi": 403.5,
      "wk52_lo": 272.0
    },
    "cattle": {
      "ticker": "LE=F",
      "close": 249.2,
      "open": 247.52499,
      "netChange": 1.67501,
      "pctChange": 0.6767,
      "wk52_hi": 249.95,
      "wk52_lo": 202.625
    },
    "feeders": {
      "ticker": "GF=F",
      "close": 372.35001,
      "open": 370.77499,
      "netChange": 1.57502,
      "pctChange": 0.4248,
      "wk52_hi": 381.025,
      "wk52_lo": 285.1
    },
    "hogs": {
      "ticker": "HE=F",
      "close": 103.725,
      "open": 104.175,
      "netChange": -0.45,
      "pctChange": -0.432,
      "wk52_hi": 113.7,
      "wk52_lo": 77.35
    },
    "milk": {
      "ticker": "DC=F",
      "close": 17.34,
      "open": 17.22,
      "netChange": 0.12,
      "pctChange": 0.6969,
      "wk52_hi": 18.89,
      "wk52_lo": 14.53
    },
    "meal": {
      "ticker": "ZM=F",
      "close": 331.5,
      "open": 332.20001,
      "netChange": -0.70001,
      "pctChange": -0.2107,
      "wk52_hi": 335.5,
      "wk52_lo": 258.6
    },
    "soyoil": {
      "ticker": "ZL=F",
      "close": 67.68,
      "open": 67.1,
      "netChange": 0.58,
      "pctChange": 0.8644,
      "wk52_hi": 70.49,
      "wk52_lo": 45.74
    },
    "crude": {
      "ticker": "CL=F",
      "close": 104.78,
      "open": 95.55,
      "netChange": 9.23,
      "pctChange": 9.6599,
      "wk52_hi": 119.48,
      "wk52_lo": 54.98
    },
    "natgas": {
      "ticker": "NG=F",
      "close": 2.678,
      "open": 2.655,
      "netChange": 0.023,
      "pctChange": 0.8663,
      "wk52_hi": 7.827,
      "wk52_lo": 2.622
    },
    "gold": {
      "ticker": "GC=F",
      "close": 4740.8999,
      "open": 4771.0,
      "netChange": -30.1001,
      "pctChange": -0.6309,
      "wk52_hi": 5586.2002,
      "wk52_lo": 3125.0
    },
    "silver": {
      "ticker": "SI=F",
      "close": 74.34,
      "open": 76.48,
      "netChange": -2.14,
      "pctChange": -2.7981,
      "wk52_hi": 121.3,
      "wk52_lo": 31.685
    },
    "dollar": {
      "ticker": "DX=F",
      "close": 100.0,
      "open": 99.873,
      "netChange": 0.127,
      "pctChange": 0.1272
    },
    "treasury10": {
      "ticker": "^TNX",
      "close": 4.317,
      "open": 4.293,
      "netChange": 0.024,
      "pctChange": 0.559,
      "wk52_hi": 4.629,
      "wk52_lo": 3.947
    },
    "sp500": {
      "ticker": "^GSPC",
      "close": 6816.89014,
      "open": 6824.66,
      "netChange": -7.76986,
      "pctChange": -0.1138,
      "wk52_hi": 7002.2798,
      "wk52_lo": 5101.6299
    },
    "bitcoin": {
      "ticker": "BTC-USD",
      "close": 71044.0,
      "open": 70726.07031,
      "netChange": 317.92969,
      "pctChange": 0.4495,
      "wk52_hi": 126198.0703,
      "wk52_lo": 60074.2031
    },
    "ripple": {
      "ticker": "XRP-USD",
      "close": 1.32696,
      "open": 1.32502,
      "netChange": 0.00194,
      "pctChange": 0.1464,
      "wk52_hi": 3.6502,
      "wk52_lo": 1.1335
    },
    "kaspa": {
      "ticker": "KAS-USD",
      "close": 0.03169,
      "open": 0.03146,
      "netChange": 0.00023,
      "pctChange": 0.7311,
      "wk52_hi": 0.1308,
      "wk52_lo": 0.0139
    }
  }
}