{
  "fetched": "2026-04-21T15:51:08Z",
  "ok": 21,
  "failed": 1,
  "quotes": {
    "corn": {
      "ticker": "ZC=F",
      "close": 463.0,
      "open": 459.25,
      "netChange": 3.75,
      "pctChange": 0.8165,
      "wk52_hi": 483.0,
      "wk52_lo": 368.75
    },
    "corn-dec": {
      "ticker": "ZCZ26.CBT",
      "close": 483.0,
      "open": 478.5,
      "netChange": 4.5,
      "pctChange": 0.9404,
      "wk52_hi": 498.5,
      "wk52_lo": 440.75
    },
    "beans": {
      "ticker": "ZS=F",
      "close": 1192.5,
      "open": 1184.5,
      "netChange": 8.0,
      "pctChange": 0.6754,
      "wk52_hi": 1223.25,
      "wk52_lo": 960.75
    },
    "beans-nov": {
      "ticker": "ZSX26.CBT",
      "close": 1168.75,
      "open": 1159.0,
      "netChange": 9.75,
      "pctChange": 0.8412,
      "wk52_hi": 1174.25,
      "wk52_lo": 1023.25
    },
    "wheat": {
      "ticker": "ZW=F",
      "close": 607.5,
      "open": 607.75,
      "netChange": -0.25,
      "pctChange": -0.0411,
      "wk52_hi": 635.0,
      "wk52_lo": 492.25
    },
    "oats": {
      "ticker": "ZO=F",
      "close": 337.75,
      "open": 338.5,
      "netChange": -0.75,
      "pctChange": -0.2216,
      "wk52_hi": 403.5,
      "wk52_lo": 272.0
    },
    "cattle": {
      "ticker": "LE=F",
      "close": 244.35001,
      "open": 246.14999,
      "netChange": -1.79998,
      "pctChange": -0.7313,
      "wk52_hi": 253.6,
      "wk52_lo": 204.55
    },
    "feeders": {
      "ticker": "GF=F",
      "close": 358.77499,
      "open": 361.35001,
      "netChange": -2.57502,
      "pctChange": -0.7126,
      "wk52_hi": 381.025,
      "wk52_lo": 286.05
    },
    "hogs": {
      "ticker": "HE=F",
      "close": 103.025,
      "open": 101.725,
      "netChange": 1.3,
      "pctChange": 1.278,
      "wk52_hi": 113.7,
      "wk52_lo": 77.35
    },
    "milk": {
      "ticker": "DC=F",
      "close": 17.85,
      "open": 17.11,
      "netChange": 0.74,
      "pctChange": 4.325,
      "wk52_hi": 18.89,
      "wk52_lo": 14.53
    },
    "meal": {
      "ticker": "ZM=F",
      "close": 320.29999,
      "open": 320.79999,
      "netChange": -0.5,
      "pctChange": -0.1559,
      "wk52_hi": 339.6,
      "wk52_lo": 258.6
    },
    "soyoil": {
      "ticker": "ZL=F",
      "close": 71.36,
      "open": 69.56,
      "netChange": 1.8,
      "pctChange": 2.5877,
      "wk52_hi": 70.49,
      "wk52_lo": 45.74
    },
    "crude": {
      "ticker": "CL=F",
      "close": 89.96,
      "open": 86.68,
      "netChange": 3.28,
      "pctChange": 3.784,
      "wk52_hi": 119.48,
      "wk52_lo": 54.98
    },
    "natgas": {
      "ticker": "NG=F",
      "close": 2.7,
      "open": 2.66,
      "netChange": 0.04,
      "pctChange": 1.5038,
      "wk52_hi": 7.827,
      "wk52_lo": 2.561
    },
    "gold": {
      "ticker": "GC=F",
      "close": 4760.2998,
      "open": 4816.2998,
      "netChange": -56.0,
      "pctChange": -1.1627,
      "wk52_hi": 5586.2002,
      "wk52_lo": 3125.0
    },
    "silver": {
      "ticker": "SI=F",
      "close": 76.945,
      "open": 78.955,
      "netChange": -2.01,
      "pctChange": -2.5458,
      "wk52_hi": 121.3,
      "wk52_lo": 31.685
    },
    "dollar": {
      "ticker": "DX=F",
      "close": 100.0,
      "open": 99.873,
      "netChange": 0.127,
      "pctChange": 0.1272
    },
    "treasury10": {
      "ticker": "^TNX",
      "close": 4.298,
      "open": 4.25,
      "netChange": 0.048,
      "pctChange": 1.1294,
      "wk52_hi": 4.629,
      "wk52_lo": 3.947
    },
    "sp500": {
      "ticker": "^GSPC",
      "close": 7091.41016,
      "open": 7110.37988,
      "netChange": -18.96972,
      "pctChange": -0.2668,
      "wk52_hi": 7147.52,
      "wk52_lo": 5207.6699
    },
    "bitcoin": {
      "ticker": "BTC-USD",
      "close": 75747.97656,
      "open": 75875.03906,
      "netChange": -127.0625,
      "pctChange": -0.1675,
      "wk52_hi": 126198.0703,
      "wk52_lo": 60074.2031
    },
    "ripple": {
      "ticker": "XRP-USD",
      "close": 1.4322,
      "open": 1.425,
      "netChange": 0.0072,
      "pctChange": 0.5053,
      "wk52_hi": 3.6502,
      "wk52_lo": 1.1335
    },
    "kaspa": {
      "ticker": "KAS-USD",
      "close": 0.03473,
      "open": 0.03484,
      "netChange": -0.00011,
      "pctChange": -0.3157,
      "wk52_hi": 0.1308,
      "wk52_lo": 0.0139
    }
  }
}