{
  "fetched": "2026-03-30T15:48:20Z",
  "ok": 21,
  "failed": 1,
  "quotes": {
    "corn": {
      "ticker": "ZC=F",
      "close": 457.25,
      "open": 463.25,
      "netChange": -6.0,
      "pctChange": -1.2952,
      "wk52_hi": 490.75,
      "wk52_lo": 368.75
    },
    "corn-dec": {
      "ticker": "ZCZ26.CBT",
      "close": 485.75,
      "open": 491.0,
      "netChange": -5.25,
      "pctChange": -1.0692,
      "wk52_hi": 498.5,
      "wk52_lo": 440.75
    },
    "beans": {
      "ticker": "ZS=F",
      "close": 1166.0,
      "open": 1163.0,
      "netChange": 3.0,
      "pctChange": 0.258,
      "wk52_hi": 1223.25,
      "wk52_lo": 960.75
    },
    "beans-nov": {
      "ticker": "ZSX26.CBT",
      "close": 1149.75,
      "open": 1147.25,
      "netChange": 2.5,
      "pctChange": 0.2179,
      "wk52_hi": 1174.25,
      "wk52_lo": 992.0
    },
    "wheat": {
      "ticker": "ZW=F",
      "close": 607.75,
      "open": 605.5,
      "netChange": 2.25,
      "pctChange": 0.3716,
      "wk52_hi": 635.0,
      "wk52_lo": 492.25
    },
    "oats": {
      "ticker": "ZO=F",
      "close": 344.5,
      "open": 346.0,
      "netChange": -1.5,
      "pctChange": -0.4335,
      "wk52_hi": 403.5,
      "wk52_lo": 272.0
    },
    "cattle": {
      "ticker": "LE=F",
      "close": 239.97501,
      "open": 238.77499,
      "netChange": 1.20002,
      "pctChange": 0.5026,
      "wk52_hi": 247.75,
      "wk52_lo": 197.75
    },
    "feeders": {
      "ticker": "GF=F",
      "close": 361.27499,
      "open": 360.125,
      "netChange": 1.14999,
      "pctChange": 0.3193,
      "wk52_hi": 381.025,
      "wk52_lo": 273.1
    },
    "hogs": {
      "ticker": "HE=F",
      "close": 106.575,
      "open": 105.975,
      "netChange": 0.6,
      "pctChange": 0.5662,
      "wk52_hi": 113.7,
      "wk52_lo": 77.35
    },
    "milk": {
      "ticker": "DC=F",
      "close": 17.21,
      "open": 17.61,
      "netChange": -0.4,
      "pctChange": -2.2714,
      "wk52_hi": 18.89,
      "wk52_lo": 14.53
    },
    "meal": {
      "ticker": "ZM=F",
      "close": 315.70001,
      "open": 314.70001,
      "netChange": 1.0,
      "pctChange": 0.3178,
      "wk52_hi": 335.5,
      "wk52_lo": 258.6
    },
    "soyoil": {
      "ticker": "ZL=F",
      "close": 68.99,
      "open": 67.97,
      "netChange": 1.02,
      "pctChange": 1.5007,
      "wk52_hi": 69.24,
      "wk52_lo": 43.83
    },
    "crude": {
      "ticker": "CL=F",
      "close": 102.0,
      "open": 101.62,
      "netChange": 0.38,
      "pctChange": 0.3739,
      "wk52_hi": 119.48,
      "wk52_lo": 54.98
    },
    "natgas": {
      "ticker": "NG=F",
      "close": 2.864,
      "open": 2.956,
      "netChange": -0.092,
      "pctChange": -3.1123,
      "wk52_hi": 7.827,
      "wk52_lo": 2.622
    },
    "gold": {
      "ticker": "GC=F",
      "close": 4578.5,
      "open": 4528.1001,
      "netChange": 50.3999,
      "pctChange": 1.113,
      "wk52_hi": 5586.2002,
      "wk52_lo": 2949.7
    },
    "silver": {
      "ticker": "SI=F",
      "close": 71.28,
      "open": 69.95,
      "netChange": 1.33,
      "pctChange": 1.9014,
      "wk52_hi": 121.3,
      "wk52_lo": 28.31
    },
    "dollar": {
      "ticker": "DX=F",
      "close": 100.0,
      "open": 99.873,
      "netChange": 0.127,
      "pctChange": 0.1272
    },
    "treasury10": {
      "ticker": "^TNX",
      "close": 4.334,
      "open": 4.44,
      "netChange": -0.106,
      "pctChange": -2.3874,
      "wk52_hi": 4.629,
      "wk52_lo": 3.886
    },
    "sp500": {
      "ticker": "^GSPC",
      "close": 6402.20996,
      "open": 6367.77002,
      "netChange": 34.43994,
      "pctChange": 0.5408,
      "wk52_hi": 7002.2798,
      "wk52_lo": 4835.04
    },
    "bitcoin": {
      "ticker": "BTC-USD",
      "close": 67702.80469,
      "open": 65973.13281,
      "netChange": 1729.67188,
      "pctChange": 2.6218,
      "wk52_hi": 126198.0703,
      "wk52_lo": 60074.2031
    },
    "ripple": {
      "ticker": "XRP-USD",
      "close": 1.34788,
      "open": 1.32738,
      "netChange": 0.0205,
      "pctChange": 1.5444,
      "wk52_hi": 3.6502,
      "wk52_lo": 1.1335
    },
    "kaspa": {
      "ticker": "KAS-USD",
      "close": 0.03243,
      "open": 0.03289,
      "netChange": -0.00046,
      "pctChange": -1.3986,
      "wk52_hi": 0.1308,
      "wk52_lo": 0.0139
    }
  }
}