{
  "fetched": "2026-04-08T16:58:04Z",
  "ok": 21,
  "failed": 1,
  "quotes": {
    "corn": {
      "ticker": "ZC=F",
      "close": 444.25,
      "open": 444.25,
      "netChange": 0.0,
      "pctChange": 0.0,
      "wk52_hi": 490.75,
      "wk52_lo": 368.75
    },
    "corn-dec": {
      "ticker": "ZCZ26.CBT",
      "close": 472.25,
      "open": 472.0,
      "netChange": 0.25,
      "pctChange": 0.053,
      "wk52_hi": 498.5,
      "wk52_lo": 440.75
    },
    "beans": {
      "ticker": "ZS=F",
      "close": 1160.5,
      "open": 1155.0,
      "netChange": 5.5,
      "pctChange": 0.4762,
      "wk52_hi": 1223.25,
      "wk52_lo": 960.75
    },
    "beans-nov": {
      "ticker": "ZSX26.CBT",
      "close": 1150.75,
      "open": 1146.25,
      "netChange": 4.5,
      "pctChange": 0.3926,
      "wk52_hi": 1174.25,
      "wk52_lo": 992.0
    },
    "wheat": {
      "ticker": "ZW=F",
      "close": 578.75,
      "open": 580.75,
      "netChange": -2.0,
      "pctChange": -0.3444,
      "wk52_hi": 635.0,
      "wk52_lo": 492.25
    },
    "oats": {
      "ticker": "ZO=F",
      "close": 332.25,
      "open": 335.5,
      "netChange": -3.25,
      "pctChange": -0.9687,
      "wk52_hi": 403.5,
      "wk52_lo": 272.0
    },
    "cattle": {
      "ticker": "LE=F",
      "close": 245.925,
      "open": 245.55,
      "netChange": 0.375,
      "pctChange": 0.1527,
      "wk52_hi": 249.0,
      "wk52_lo": 197.75
    },
    "feeders": {
      "ticker": "GF=F",
      "close": 368.20001,
      "open": 366.42499,
      "netChange": 1.77502,
      "pctChange": 0.4844,
      "wk52_hi": 381.025,
      "wk52_lo": 280.075
    },
    "hogs": {
      "ticker": "HE=F",
      "close": 105.125,
      "open": 107.075,
      "netChange": -1.95,
      "pctChange": -1.8212,
      "wk52_hi": 113.7,
      "wk52_lo": 77.35
    },
    "milk": {
      "ticker": "DC=F",
      "close": 17.13,
      "open": 17.4,
      "netChange": -0.27,
      "pctChange": -1.5517,
      "wk52_hi": 18.89,
      "wk52_lo": 14.53
    },
    "meal": {
      "ticker": "ZM=F",
      "close": 312.79999,
      "open": 313.70001,
      "netChange": -0.90002,
      "pctChange": -0.2869,
      "wk52_hi": 335.5,
      "wk52_lo": 258.6
    },
    "soyoil": {
      "ticker": "ZL=F",
      "close": 67.68,
      "open": 67.24,
      "netChange": 0.44,
      "pctChange": 0.6544,
      "wk52_hi": 70.49,
      "wk52_lo": 43.83
    },
    "crude": {
      "ticker": "CL=F",
      "close": 94.9,
      "open": 96.48,
      "netChange": -1.58,
      "pctChange": -1.6376,
      "wk52_hi": 119.48,
      "wk52_lo": 54.98
    },
    "natgas": {
      "ticker": "NG=F",
      "close": 2.721,
      "open": 2.745,
      "netChange": -0.024,
      "pctChange": -0.8743,
      "wk52_hi": 7.827,
      "wk52_lo": 2.622
    },
    "gold": {
      "ticker": "GC=F",
      "close": 4785.7002,
      "open": 4828.2002,
      "netChange": -42.5,
      "pctChange": -0.8802,
      "wk52_hi": 5586.2002,
      "wk52_lo": 2965.8
    },
    "silver": {
      "ticker": "SI=F",
      "close": 75.775,
      "open": 76.455,
      "netChange": -0.68,
      "pctChange": -0.8894,
      "wk52_hi": 121.3,
      "wk52_lo": 29.255
    },
    "dollar": {
      "ticker": "DX=F",
      "close": 100.0,
      "open": 99.873,
      "netChange": 0.127,
      "pctChange": 0.1272
    },
    "treasury10": {
      "ticker": "^TNX",
      "close": 4.283,
      "open": 4.343,
      "netChange": -0.06,
      "pctChange": -1.3815,
      "wk52_hi": 4.629,
      "wk52_lo": 3.947
    },
    "sp500": {
      "ticker": "^GSPC",
      "close": 6786.4502,
      "open": 6617.91992,
      "netChange": 168.53028,
      "pctChange": 2.5466,
      "wk52_hi": 7002.2798,
      "wk52_lo": 4948.4302
    },
    "bitcoin": {
      "ticker": "BTC-USD",
      "close": 71595.07031,
      "open": 71926.75781,
      "netChange": -331.6875,
      "pctChange": -0.4611,
      "wk52_hi": 126198.0703,
      "wk52_lo": 60074.2031
    },
    "ripple": {
      "ticker": "XRP-USD",
      "close": 1.35747,
      "open": 1.38145,
      "netChange": -0.02398,
      "pctChange": -1.7359,
      "wk52_hi": 3.6502,
      "wk52_lo": 1.1335
    },
    "kaspa": {
      "ticker": "KAS-USD",
      "close": 0.03279,
      "open": 0.03284,
      "netChange": -5e-05,
      "pctChange": -0.1523,
      "wk52_hi": 0.1308,
      "wk52_lo": 0.0139
    }
  }
}