{
  "fetched": "2026-04-15T16:02:49Z",
  "ok": 21,
  "failed": 1,
  "quotes": {
    "corn": {
      "ticker": "ZC=F",
      "close": 450.0,
      "open": 445.25,
      "netChange": 4.75,
      "pctChange": 1.0668,
      "wk52_hi": 487.25,
      "wk52_lo": 368.75
    },
    "corn-dec": {
      "ticker": "ZCZ26.CBT",
      "close": 476.25,
      "open": 472.5,
      "netChange": 3.75,
      "pctChange": 0.7937,
      "wk52_hi": 498.5,
      "wk52_lo": 440.75
    },
    "beans": {
      "ticker": "ZS=F",
      "close": 1167.75,
      "open": 1161.0,
      "netChange": 6.75,
      "pctChange": 0.5814,
      "wk52_hi": 1223.25,
      "wk52_lo": 960.75
    },
    "beans-nov": {
      "ticker": "ZSX26.CBT",
      "close": 1153.75,
      "open": 1146.25,
      "netChange": 7.5,
      "pctChange": 0.6543,
      "wk52_hi": 1174.25,
      "wk52_lo": 1023.25
    },
    "wheat": {
      "ticker": "ZW=F",
      "close": 597.75,
      "open": 601.75,
      "netChange": -4.0,
      "pctChange": -0.6647,
      "wk52_hi": 635.0,
      "wk52_lo": 492.25
    },
    "oats": {
      "ticker": "ZO=F",
      "close": 340.0,
      "open": 342.75,
      "netChange": -2.75,
      "pctChange": -0.8023,
      "wk52_hi": 403.5,
      "wk52_lo": 272.0
    },
    "cattle": {
      "ticker": "LE=F",
      "close": 250.60001,
      "open": 251.35001,
      "netChange": -0.75,
      "pctChange": -0.2984,
      "wk52_hi": 253.6,
      "wk52_lo": 204.55
    },
    "feeders": {
      "ticker": "GF=F",
      "close": 371.875,
      "open": 375.42499,
      "netChange": -3.54999,
      "pctChange": -0.9456,
      "wk52_hi": 381.025,
      "wk52_lo": 285.1
    },
    "hogs": {
      "ticker": "HE=F",
      "close": 101.8,
      "open": 102.475,
      "netChange": -0.675,
      "pctChange": -0.6587,
      "wk52_hi": 113.7,
      "wk52_lo": 77.35
    },
    "milk": {
      "ticker": "DC=F",
      "close": 17.32,
      "open": 18.12,
      "netChange": -0.8,
      "pctChange": -4.415,
      "wk52_hi": 18.89,
      "wk52_lo": 14.53
    },
    "meal": {
      "ticker": "ZM=F",
      "close": 331.29999,
      "open": 327.29999,
      "netChange": 4.0,
      "pctChange": 1.2221,
      "wk52_hi": 339.6,
      "wk52_lo": 258.6
    },
    "soyoil": {
      "ticker": "ZL=F",
      "close": 66.79,
      "open": 66.31,
      "netChange": 0.48,
      "pctChange": 0.7239,
      "wk52_hi": 70.49,
      "wk52_lo": 45.74
    },
    "crude": {
      "ticker": "CL=F",
      "close": 92.02,
      "open": 90.94,
      "netChange": 1.08,
      "pctChange": 1.1876,
      "wk52_hi": 119.48,
      "wk52_lo": 54.98
    },
    "natgas": {
      "ticker": "NG=F",
      "close": 2.586,
      "open": 2.589,
      "netChange": -0.003,
      "pctChange": -0.1159,
      "wk52_hi": 7.827,
      "wk52_lo": 2.561
    },
    "gold": {
      "ticker": "GC=F",
      "close": 4827.5,
      "open": 4849.6001,
      "netChange": -22.1001,
      "pctChange": -0.4557,
      "wk52_hi": 5586.2002,
      "wk52_lo": 3125.0
    },
    "silver": {
      "ticker": "SI=F",
      "close": 79.62,
      "open": 79.925,
      "netChange": -0.305,
      "pctChange": -0.3816,
      "wk52_hi": 121.3,
      "wk52_lo": 31.685
    },
    "dollar": {
      "ticker": "DX=F",
      "close": 100.0,
      "open": 99.873,
      "netChange": 0.127,
      "pctChange": 0.1272
    },
    "treasury10": {
      "ticker": "^TNX",
      "close": 4.285,
      "open": 4.256,
      "netChange": 0.029,
      "pctChange": 0.6814,
      "wk52_hi": 4.629,
      "wk52_lo": 3.947
    },
    "sp500": {
      "ticker": "^GSPC",
      "close": 6994.12012,
      "open": 6966.77979,
      "netChange": 27.34033,
      "pctChange": 0.3924,
      "wk52_hi": 7002.2798,
      "wk52_lo": 5101.6299
    },
    "bitcoin": {
      "ticker": "BTC-USD",
      "close": 73953.14844,
      "open": 74213.28125,
      "netChange": -260.13281,
      "pctChange": -0.3505,
      "wk52_hi": 126198.0703,
      "wk52_lo": 60074.2031
    },
    "ripple": {
      "ticker": "XRP-USD",
      "close": 1.3758,
      "open": 1.3623,
      "netChange": 0.0135,
      "pctChange": 0.991,
      "wk52_hi": 3.6502,
      "wk52_lo": 1.1335
    },
    "kaspa": {
      "ticker": "KAS-USD",
      "close": 0.0326,
      "open": 0.03236,
      "netChange": 0.00024,
      "pctChange": 0.7417,
      "wk52_hi": 0.1308,
      "wk52_lo": 0.0139
    }
  }
}