{
  "fetched": "2026-03-31T14:22:23Z",
  "ok": 21,
  "failed": 1,
  "quotes": {
    "corn": {
      "ticker": "ZC=F",
      "close": 451.5,
      "open": 456.0,
      "netChange": -4.5,
      "pctChange": -0.9868,
      "wk52_hi": 490.75,
      "wk52_lo": 368.75
    },
    "corn-dec": {
      "ticker": "ZCZ26.CBT",
      "close": 479.25,
      "open": 483.25,
      "netChange": -4.0,
      "pctChange": -0.8277,
      "wk52_hi": 498.5,
      "wk52_lo": 440.75
    },
    "beans": {
      "ticker": "ZS=F",
      "close": 1161.25,
      "open": 1159.75,
      "netChange": 1.5,
      "pctChange": 0.1293,
      "wk52_hi": 1223.25,
      "wk52_lo": 960.75
    },
    "beans-nov": {
      "ticker": "ZSX26.CBT",
      "close": 1145.5,
      "open": 1143.0,
      "netChange": 2.5,
      "pctChange": 0.2187,
      "wk52_hi": 1174.25,
      "wk52_lo": 992.0
    },
    "wheat": {
      "ticker": "ZW=F",
      "close": 612.0,
      "open": 610.0,
      "netChange": 2.0,
      "pctChange": 0.3279,
      "wk52_hi": 635.0,
      "wk52_lo": 492.25
    },
    "oats": {
      "ticker": "ZO=F",
      "close": 356.5,
      "open": 347.5,
      "netChange": 9.0,
      "pctChange": 2.5899,
      "wk52_hi": 403.5,
      "wk52_lo": 272.0
    },
    "cattle": {
      "ticker": "LE=F",
      "close": 234.14999,
      "open": 240.39999,
      "netChange": -6.25,
      "pctChange": -2.5998,
      "wk52_hi": 247.75,
      "wk52_lo": 197.75
    },
    "feeders": {
      "ticker": "GF=F",
      "close": 348.02499,
      "open": 361.85001,
      "netChange": -13.82502,
      "pctChange": -3.8206,
      "wk52_hi": 381.025,
      "wk52_lo": 273.1
    },
    "hogs": {
      "ticker": "HE=F",
      "close": 86.45,
      "open": 105.925,
      "netChange": -19.475,
      "pctChange": -18.3857,
      "wk52_hi": 113.7,
      "wk52_lo": 77.35
    },
    "milk": {
      "ticker": "DC=F",
      "close": 17.4,
      "open": 17.36,
      "netChange": 0.04,
      "pctChange": 0.2304,
      "wk52_hi": 18.89,
      "wk52_lo": 14.53
    },
    "meal": {
      "ticker": "ZM=F",
      "close": 315.70001,
      "open": 314.79999,
      "netChange": 0.90002,
      "pctChange": 0.2859,
      "wk52_hi": 335.5,
      "wk52_lo": 258.6
    },
    "soyoil": {
      "ticker": "ZL=F",
      "close": 68.38,
      "open": 68.24,
      "netChange": 0.14,
      "pctChange": 0.2052,
      "wk52_hi": 69.68,
      "wk52_lo": 43.83
    },
    "crude": {
      "ticker": "CL=F",
      "close": 102.45,
      "open": 103.0,
      "netChange": -0.55,
      "pctChange": -0.534,
      "wk52_hi": 119.48,
      "wk52_lo": 54.98
    },
    "natgas": {
      "ticker": "NG=F",
      "close": 2.944,
      "open": 2.838,
      "netChange": 0.106,
      "pctChange": 3.735,
      "wk52_hi": 7.827,
      "wk52_lo": 2.622
    },
    "gold": {
      "ticker": "GC=F",
      "close": 4639.1001,
      "open": 4584.8999,
      "netChange": 54.2002,
      "pctChange": 1.1821,
      "wk52_hi": 5586.2002,
      "wk52_lo": 2949.7
    },
    "silver": {
      "ticker": "SI=F",
      "close": 73.875,
      "open": 72.18,
      "netChange": 1.695,
      "pctChange": 2.3483,
      "wk52_hi": 121.3,
      "wk52_lo": 28.31
    },
    "dollar": {
      "ticker": "DX=F",
      "close": 100.0,
      "open": 99.873,
      "netChange": 0.127,
      "pctChange": 0.1272
    },
    "treasury10": {
      "ticker": "^TNX",
      "close": 4.319,
      "open": 4.342,
      "netChange": -0.023,
      "pctChange": -0.5297,
      "wk52_hi": 4.629,
      "wk52_lo": 3.886
    },
    "sp500": {
      "ticker": "^GSPC",
      "close": 6437.18994,
      "open": 6343.75,
      "netChange": 93.43994,
      "pctChange": 1.4729,
      "wk52_hi": 7002.2798,
      "wk52_lo": 4835.04
    },
    "bitcoin": {
      "ticker": "BTC-USD",
      "close": 67651.03125,
      "open": 66691.91406,
      "netChange": 959.11719,
      "pctChange": 1.4381,
      "wk52_hi": 126198.0703,
      "wk52_lo": 60074.2031
    },
    "ripple": {
      "ticker": "XRP-USD",
      "close": 1.33207,
      "open": 1.32258,
      "netChange": 0.00949,
      "pctChange": 0.7175,
      "wk52_hi": 3.6502,
      "wk52_lo": 1.1335
    },
    "kaspa": {
      "ticker": "KAS-USD",
      "close": 0.03198,
      "open": 0.03189,
      "netChange": 9e-05,
      "pctChange": 0.2822,
      "wk52_hi": 0.1308,
      "wk52_lo": 0.0139
    }
  }
}