{
  "fetched": "2026-04-02T16:44:23Z",
  "ok": 21,
  "failed": 1,
  "quotes": {
    "corn": {
      "ticker": "ZC=F",
      "close": 452.5,
      "open": 457.0,
      "netChange": -4.5,
      "pctChange": -0.9847,
      "wk52_hi": 490.75,
      "wk52_lo": 368.75
    },
    "corn-dec": {
      "ticker": "ZCZ26.CBT",
      "close": 481.75,
      "open": 483.5,
      "netChange": -1.75,
      "pctChange": -0.3619,
      "wk52_hi": 498.5,
      "wk52_lo": 440.75
    },
    "beans": {
      "ticker": "ZS=F",
      "close": 1166.0,
      "open": 1172.0,
      "netChange": -6.0,
      "pctChange": -0.5119,
      "wk52_hi": 1223.25,
      "wk52_lo": 960.75
    },
    "beans-nov": {
      "ticker": "ZSX26.CBT",
      "close": 1154.5,
      "open": 1158.0,
      "netChange": -3.5,
      "pctChange": -0.3022,
      "wk52_hi": 1174.25,
      "wk52_lo": 992.0
    },
    "wheat": {
      "ticker": "ZW=F",
      "close": 599.0,
      "open": 604.25,
      "netChange": -5.25,
      "pctChange": -0.8688,
      "wk52_hi": 635.0,
      "wk52_lo": 492.25
    },
    "oats": {
      "ticker": "ZO=F",
      "close": 342.75,
      "open": 350.0,
      "netChange": -7.25,
      "pctChange": -2.0714,
      "wk52_hi": 403.5,
      "wk52_lo": 272.0
    },
    "cattle": {
      "ticker": "LE=F",
      "close": 245.39999,
      "open": 244.22501,
      "netChange": 1.17498,
      "pctChange": 0.4811,
      "wk52_hi": 247.75,
      "wk52_lo": 197.75
    },
    "feeders": {
      "ticker": "GF=F",
      "close": 369.77499,
      "open": 368.125,
      "netChange": 1.64999,
      "pctChange": 0.4482,
      "wk52_hi": 381.025,
      "wk52_lo": 273.1
    },
    "hogs": {
      "ticker": "HE=F",
      "close": 104.775,
      "open": 105.2,
      "netChange": -0.425,
      "pctChange": -0.404,
      "wk52_hi": 113.7,
      "wk52_lo": 77.35
    },
    "milk": {
      "ticker": "DC=F",
      "close": 18.15,
      "open": 17.92,
      "netChange": 0.23,
      "pctChange": 1.2835,
      "wk52_hi": 18.89,
      "wk52_lo": 14.53
    },
    "meal": {
      "ticker": "ZM=F",
      "close": 314.39999,
      "open": 316.60001,
      "netChange": -2.20002,
      "pctChange": -0.6949,
      "wk52_hi": 335.5,
      "wk52_lo": 258.6
    },
    "soyoil": {
      "ticker": "ZL=F",
      "close": 68.85,
      "open": 67.91,
      "netChange": 0.94,
      "pctChange": 1.3842,
      "wk52_hi": 69.68,
      "wk52_lo": 43.83
    },
    "crude": {
      "ticker": "CL=F",
      "close": 111.29,
      "open": 104.72,
      "netChange": 6.57,
      "pctChange": 6.2739,
      "wk52_hi": 119.48,
      "wk52_lo": 54.98
    },
    "natgas": {
      "ticker": "NG=F",
      "close": 2.807,
      "open": 2.864,
      "netChange": -0.057,
      "pctChange": -1.9902,
      "wk52_hi": 7.827,
      "wk52_lo": 2.622
    },
    "gold": {
      "ticker": "GC=F",
      "close": 4681.7998,
      "open": 4707.1001,
      "netChange": -25.3003,
      "pctChange": -0.5375,
      "wk52_hi": 5586.2002,
      "wk52_lo": 2949.7
    },
    "silver": {
      "ticker": "SI=F",
      "close": 72.205,
      "open": 72.3,
      "netChange": -0.095,
      "pctChange": -0.1314,
      "wk52_hi": 121.3,
      "wk52_lo": 28.31
    },
    "dollar": {
      "ticker": "DX=F",
      "close": 100.0,
      "open": 99.873,
      "netChange": 0.127,
      "pctChange": 0.1272
    },
    "treasury10": {
      "ticker": "^TNX",
      "close": 4.307,
      "open": 4.319,
      "netChange": -0.012,
      "pctChange": -0.2778,
      "wk52_hi": 4.629,
      "wk52_lo": 3.886
    },
    "sp500": {
      "ticker": "^GSPC",
      "close": 6567.5498,
      "open": 6575.08008,
      "netChange": -7.53028,
      "pctChange": -0.1145,
      "wk52_hi": 7002.2798,
      "wk52_lo": 4835.04
    },
    "bitcoin": {
      "ticker": "BTC-USD",
      "close": 67131.46094,
      "open": 68071.5625,
      "netChange": -940.10156,
      "pctChange": -1.381,
      "wk52_hi": 126198.0703,
      "wk52_lo": 60074.2031
    },
    "ripple": {
      "ticker": "XRP-USD",
      "close": 1.30412,
      "open": 1.3481,
      "netChange": -0.04398,
      "pctChange": -3.2624,
      "wk52_hi": 3.6502,
      "wk52_lo": 1.1335
    },
    "kaspa": {
      "ticker": "KAS-USD",
      "close": 0.03149,
      "open": 0.0321,
      "netChange": -0.00061,
      "pctChange": -1.9003,
      "wk52_hi": 0.1308,
      "wk52_lo": 0.0139
    }
  }
}