{
  "fetched": "2026-04-13T17:37:30Z",
  "ok": 21,
  "failed": 1,
  "quotes": {
    "corn": {
      "ticker": "ZC=F",
      "close": 443.25,
      "open": 444.25,
      "netChange": -1.0,
      "pctChange": -0.2251,
      "wk52_hi": 490.25,
      "wk52_lo": 368.75
    },
    "corn-dec": {
      "ticker": "ZCZ26.CBT",
      "close": 474.5,
      "open": 475.5,
      "netChange": -1.0,
      "pctChange": -0.2103,
      "wk52_hi": 498.5,
      "wk52_lo": 440.75
    },
    "beans": {
      "ticker": "ZS=F",
      "close": 1168.5,
      "open": 1176.75,
      "netChange": -8.25,
      "pctChange": -0.7011,
      "wk52_hi": 1223.25,
      "wk52_lo": 960.75
    },
    "beans-nov": {
      "ticker": "ZSX26.CBT",
      "close": 1154.75,
      "open": 1160.5,
      "netChange": -5.75,
      "pctChange": -0.4955,
      "wk52_hi": 1174.25,
      "wk52_lo": 1023.25
    },
    "wheat": {
      "ticker": "ZW=F",
      "close": 587.0,
      "open": 579.75,
      "netChange": 7.25,
      "pctChange": 1.2505,
      "wk52_hi": 635.0,
      "wk52_lo": 492.25
    },
    "oats": {
      "ticker": "ZO=F",
      "close": 339.25,
      "open": 334.0,
      "netChange": 5.25,
      "pctChange": 1.5719,
      "wk52_hi": 403.5,
      "wk52_lo": 272.0
    },
    "cattle": {
      "ticker": "LE=F",
      "close": 248.72501,
      "open": 249.075,
      "netChange": -0.34999,
      "pctChange": -0.1405,
      "wk52_hi": 252.25,
      "wk52_lo": 202.625
    },
    "feeders": {
      "ticker": "GF=F",
      "close": 373.07501,
      "open": 372.35001,
      "netChange": 0.725,
      "pctChange": 0.1947,
      "wk52_hi": 381.025,
      "wk52_lo": 285.1
    },
    "hogs": {
      "ticker": "HE=F",
      "close": 103.175,
      "open": 103.725,
      "netChange": -0.55,
      "pctChange": -0.5302,
      "wk52_hi": 113.7,
      "wk52_lo": 77.35
    },
    "milk": {
      "ticker": "DC=F",
      "close": 17.18,
      "open": 17.94,
      "netChange": -0.76,
      "pctChange": -4.2363,
      "wk52_hi": 18.89,
      "wk52_lo": 14.53
    },
    "meal": {
      "ticker": "ZM=F",
      "close": 335.29999,
      "open": 332.20001,
      "netChange": 3.09998,
      "pctChange": 0.9332,
      "wk52_hi": 335.5,
      "wk52_lo": 258.6
    },
    "soyoil": {
      "ticker": "ZL=F",
      "close": 66.86,
      "open": 67.73,
      "netChange": -0.87,
      "pctChange": -1.2845,
      "wk52_hi": 70.49,
      "wk52_lo": 45.74
    },
    "crude": {
      "ticker": "CL=F",
      "close": 99.26,
      "open": 104.85,
      "netChange": -5.59,
      "pctChange": -5.3314,
      "wk52_hi": 119.48,
      "wk52_lo": 54.98
    },
    "natgas": {
      "ticker": "NG=F",
      "close": 2.638,
      "open": 2.671,
      "netChange": -0.033,
      "pctChange": -1.2355,
      "wk52_hi": 7.827,
      "wk52_lo": 2.622
    },
    "gold": {
      "ticker": "GC=F",
      "close": 4772.3999,
      "open": 4741.6001,
      "netChange": 30.7998,
      "pctChange": 0.6496,
      "wk52_hi": 5586.2002,
      "wk52_lo": 3125.0
    },
    "silver": {
      "ticker": "SI=F",
      "close": 75.645,
      "open": 74.475,
      "netChange": 1.17,
      "pctChange": 1.571,
      "wk52_hi": 121.3,
      "wk52_lo": 31.685
    },
    "dollar": {
      "ticker": "DX=F",
      "close": 100.0,
      "open": 99.873,
      "netChange": 0.127,
      "pctChange": 0.1272
    },
    "treasury10": {
      "ticker": "^TNX",
      "close": 4.307,
      "open": 4.317,
      "netChange": -0.01,
      "pctChange": -0.2316,
      "wk52_hi": 4.629,
      "wk52_lo": 3.947
    },
    "sp500": {
      "ticker": "^GSPC",
      "close": 6846.83008,
      "open": 6817.8999,
      "netChange": 28.93018,
      "pctChange": 0.4243,
      "wk52_hi": 7002.2798,
      "wk52_lo": 5101.6299
    },
    "bitcoin": {
      "ticker": "BTC-USD",
      "close": 72511.61719,
      "open": 70726.07031,
      "netChange": 1785.54688,
      "pctChange": 2.5246,
      "wk52_hi": 126198.0703,
      "wk52_lo": 60074.2031
    },
    "ripple": {
      "ticker": "XRP-USD",
      "close": 1.34342,
      "open": 1.32502,
      "netChange": 0.0184,
      "pctChange": 1.3887,
      "wk52_hi": 3.6502,
      "wk52_lo": 1.1335
    },
    "kaspa": {
      "ticker": "KAS-USD",
      "close": 0.0323,
      "open": 0.03146,
      "netChange": 0.00084,
      "pctChange": 2.6701,
      "wk52_hi": 0.1308,
      "wk52_lo": 0.0139
    }
  }
}