{
  "fetched": "2026-04-17T16:52:32Z",
  "ok": 21,
  "failed": 1,
  "quotes": {
    "corn": {
      "ticker": "ZC=F",
      "close": 455.5,
      "open": 458.75,
      "netChange": -3.25,
      "pctChange": -0.7084,
      "wk52_hi": 487.25,
      "wk52_lo": 368.75
    },
    "corn-dec": {
      "ticker": "ZCZ26.CBT",
      "close": 474.5,
      "open": 477.0,
      "netChange": -2.5,
      "pctChange": -0.5241,
      "wk52_hi": 498.5,
      "wk52_lo": 440.75
    },
    "beans": {
      "ticker": "ZS=F",
      "close": 1177.5,
      "open": 1163.0,
      "netChange": 14.5,
      "pctChange": 1.2468,
      "wk52_hi": 1223.25,
      "wk52_lo": 960.75
    },
    "beans-nov": {
      "ticker": "ZSX26.CBT",
      "close": 1152.5,
      "open": 1154.5,
      "netChange": -2.0,
      "pctChange": -0.1732,
      "wk52_hi": 1174.25,
      "wk52_lo": 1023.25
    },
    "wheat": {
      "ticker": "ZW=F",
      "close": 596.25,
      "open": 606.75,
      "netChange": -10.5,
      "pctChange": -1.7305,
      "wk52_hi": 635.0,
      "wk52_lo": 492.25
    },
    "oats": {
      "ticker": "ZO=F",
      "close": 340.75,
      "open": 342.75,
      "netChange": -2.0,
      "pctChange": -0.5835,
      "wk52_hi": 403.5,
      "wk52_lo": 272.0
    },
    "cattle": {
      "ticker": "LE=F",
      "close": 246.72501,
      "open": 247.60001,
      "netChange": -0.875,
      "pctChange": -0.3534,
      "wk52_hi": 253.6,
      "wk52_lo": 204.55
    },
    "feeders": {
      "ticker": "GF=F",
      "close": 364.07501,
      "open": 366.92499,
      "netChange": -2.84998,
      "pctChange": -0.7767,
      "wk52_hi": 381.025,
      "wk52_lo": 285.1
    },
    "hogs": {
      "ticker": "HE=F",
      "close": 101.05,
      "open": 101.7,
      "netChange": -0.65,
      "pctChange": -0.6391,
      "wk52_hi": 113.7,
      "wk52_lo": 77.35
    },
    "milk": {
      "ticker": "DC=F",
      "close": 17.01,
      "open": 17.07,
      "netChange": -0.06,
      "pctChange": -0.3515,
      "wk52_hi": 18.89,
      "wk52_lo": 14.53
    },
    "meal": {
      "ticker": "ZM=F",
      "close": 328.20001,
      "open": 327.89999,
      "netChange": 0.30002,
      "pctChange": 0.0915,
      "wk52_hi": 339.6,
      "wk52_lo": 258.6
    },
    "soyoil": {
      "ticker": "ZL=F",
      "close": 67.53,
      "open": 68.87,
      "netChange": -1.34,
      "pctChange": -1.9457,
      "wk52_hi": 70.49,
      "wk52_lo": 45.74
    },
    "crude": {
      "ticker": "CL=F",
      "close": 81.42,
      "open": 89.83,
      "netChange": -8.41,
      "pctChange": -9.3621,
      "wk52_hi": 119.48,
      "wk52_lo": 54.98
    },
    "natgas": {
      "ticker": "NG=F",
      "close": 2.686,
      "open": 2.658,
      "netChange": 0.028,
      "pctChange": 1.0534,
      "wk52_hi": 7.827,
      "wk52_lo": 2.561
    },
    "gold": {
      "ticker": "GC=F",
      "close": 4891.5,
      "open": 4814.1001,
      "netChange": 77.3999,
      "pctChange": 1.6078,
      "wk52_hi": 5586.2002,
      "wk52_lo": 3125.0
    },
    "silver": {
      "ticker": "SI=F",
      "close": 82.5,
      "open": 78.99,
      "netChange": 3.51,
      "pctChange": 4.4436,
      "wk52_hi": 121.3,
      "wk52_lo": 31.685
    },
    "dollar": {
      "ticker": "DX=F",
      "close": 100.0,
      "open": 99.873,
      "netChange": 0.127,
      "pctChange": 0.1272
    },
    "treasury10": {
      "ticker": "^TNX",
      "close": 4.228,
      "open": 4.309,
      "netChange": -0.081,
      "pctChange": -1.8798,
      "wk52_hi": 4.629,
      "wk52_lo": 3.947
    },
    "sp500": {
      "ticker": "^GSPC",
      "close": 7146.27002,
      "open": 7039.37012,
      "netChange": 106.8999,
      "pctChange": 1.5186,
      "wk52_hi": 7051.23,
      "wk52_lo": 5101.6299
    },
    "bitcoin": {
      "ticker": "BTC-USD",
      "close": 77951.25,
      "open": 75183.64844,
      "netChange": 2767.60156,
      "pctChange": 3.6811,
      "wk52_hi": 126198.0703,
      "wk52_lo": 60074.2031
    },
    "ripple": {
      "ticker": "XRP-USD",
      "close": 1.4967,
      "open": 1.4535,
      "netChange": 0.0432,
      "pctChange": 2.9721,
      "wk52_hi": 3.6502,
      "wk52_lo": 1.1335
    },
    "kaspa": {
      "ticker": "KAS-USD",
      "close": 0.03608,
      "open": 0.03407,
      "netChange": 0.00201,
      "pctChange": 5.8996,
      "wk52_hi": 0.1308,
      "wk52_lo": 0.0139
    }
  }
}