{
  "fetched": "2026-03-31T15:42:39Z",
  "ok": 21,
  "failed": 1,
  "quotes": {
    "corn": {
      "ticker": "ZC=F",
      "close": 454.25,
      "open": 456.0,
      "netChange": -1.75,
      "pctChange": -0.3838,
      "wk52_hi": 490.75,
      "wk52_lo": 368.75
    },
    "corn-dec": {
      "ticker": "ZCZ26.CBT",
      "close": 482.25,
      "open": 483.25,
      "netChange": -1.0,
      "pctChange": -0.2069,
      "wk52_hi": 498.5,
      "wk52_lo": 440.75
    },
    "beans": {
      "ticker": "ZS=F",
      "close": 1161.5,
      "open": 1159.75,
      "netChange": 1.75,
      "pctChange": 0.1509,
      "wk52_hi": 1223.25,
      "wk52_lo": 960.75
    },
    "beans-nov": {
      "ticker": "ZSX26.CBT",
      "close": 1144.75,
      "open": 1143.0,
      "netChange": 1.75,
      "pctChange": 0.1531,
      "wk52_hi": 1174.25,
      "wk52_lo": 992.0
    },
    "wheat": {
      "ticker": "ZW=F",
      "close": 622.25,
      "open": 610.0,
      "netChange": 12.25,
      "pctChange": 2.0082,
      "wk52_hi": 635.0,
      "wk52_lo": 492.25
    },
    "oats": {
      "ticker": "ZO=F",
      "close": 358.25,
      "open": 347.5,
      "netChange": 10.75,
      "pctChange": 3.0935,
      "wk52_hi": 403.5,
      "wk52_lo": 272.0
    },
    "cattle": {
      "ticker": "LE=F",
      "close": 241.325,
      "open": 240.39999,
      "netChange": 0.92501,
      "pctChange": 0.3848,
      "wk52_hi": 247.75,
      "wk52_lo": 197.75
    },
    "feeders": {
      "ticker": "GF=F",
      "close": 365.25,
      "open": 361.85001,
      "netChange": 3.39999,
      "pctChange": 0.9396,
      "wk52_hi": 381.025,
      "wk52_lo": 273.1
    },
    "hogs": {
      "ticker": "HE=F",
      "close": 105.175,
      "open": 105.925,
      "netChange": -0.75,
      "pctChange": -0.708,
      "wk52_hi": 113.7,
      "wk52_lo": 77.35
    },
    "milk": {
      "ticker": "DC=F",
      "close": 17.33,
      "open": 17.36,
      "netChange": -0.03,
      "pctChange": -0.1728,
      "wk52_hi": 18.89,
      "wk52_lo": 14.53
    },
    "meal": {
      "ticker": "ZM=F",
      "close": 314.5,
      "open": 314.79999,
      "netChange": -0.29999,
      "pctChange": -0.0953,
      "wk52_hi": 335.5,
      "wk52_lo": 258.6
    },
    "soyoil": {
      "ticker": "ZL=F",
      "close": 68.48,
      "open": 68.24,
      "netChange": 0.24,
      "pctChange": 0.3517,
      "wk52_hi": 69.68,
      "wk52_lo": 43.83
    },
    "crude": {
      "ticker": "CL=F",
      "close": 104.45,
      "open": 103.0,
      "netChange": 1.45,
      "pctChange": 1.4078,
      "wk52_hi": 119.48,
      "wk52_lo": 54.98
    },
    "natgas": {
      "ticker": "NG=F",
      "close": 2.911,
      "open": 2.838,
      "netChange": 0.073,
      "pctChange": 2.5722,
      "wk52_hi": 7.827,
      "wk52_lo": 2.622
    },
    "gold": {
      "ticker": "GC=F",
      "close": 4641.1001,
      "open": 4584.8999,
      "netChange": 56.2002,
      "pctChange": 1.2258,
      "wk52_hi": 5586.2002,
      "wk52_lo": 2949.7
    },
    "silver": {
      "ticker": "SI=F",
      "close": 73.71,
      "open": 72.18,
      "netChange": 1.53,
      "pctChange": 2.1197,
      "wk52_hi": 121.3,
      "wk52_lo": 28.31
    },
    "dollar": {
      "ticker": "DX=F",
      "close": 100.0,
      "open": 99.873,
      "netChange": 0.127,
      "pctChange": 0.1272
    },
    "treasury10": {
      "ticker": "^TNX",
      "close": 4.324,
      "open": 4.342,
      "netChange": -0.018,
      "pctChange": -0.4146,
      "wk52_hi": 4.629,
      "wk52_lo": 3.886
    },
    "sp500": {
      "ticker": "^GSPC",
      "close": 6432.68994,
      "open": 6343.75,
      "netChange": 88.93994,
      "pctChange": 1.402,
      "wk52_hi": 7002.2798,
      "wk52_lo": 4835.04
    },
    "bitcoin": {
      "ticker": "BTC-USD",
      "close": 67048.35156,
      "open": 66691.91406,
      "netChange": 356.4375,
      "pctChange": 0.5345,
      "wk52_hi": 126198.0703,
      "wk52_lo": 60074.2031
    },
    "ripple": {
      "ticker": "XRP-USD",
      "close": 1.32179,
      "open": 1.32258,
      "netChange": -0.00079,
      "pctChange": -0.0597,
      "wk52_hi": 3.6502,
      "wk52_lo": 1.1335
    },
    "kaspa": {
      "ticker": "KAS-USD",
      "close": 0.03181,
      "open": 0.03189,
      "netChange": -8e-05,
      "pctChange": -0.2509,
      "wk52_hi": 0.1308,
      "wk52_lo": 0.0139
    }
  }
}