{
  "fetched": "2026-03-25T19:39:10Z",
  "ok": 21,
  "failed": 1,
  "quotes": {
    "corn": {
      "ticker": "ZC=F",
      "close": 467.5,
      "open": 460.0,
      "netChange": 7.5,
      "pctChange": 1.6304,
      "wk52_hi": 490.75,
      "wk52_lo": 368.75
    },
    "corn-dec": {
      "ticker": "ZCZ26.CBT",
      "close": 494.0,
      "open": 486.75,
      "netChange": 7.25,
      "pctChange": 1.4895,
      "wk52_hi": 498.5,
      "wk52_lo": 440.75
    },
    "beans": {
      "ticker": "ZS=F",
      "close": 1173.5,
      "open": 1153.75,
      "netChange": 19.75,
      "pctChange": 1.7118,
      "wk52_hi": 1223.25,
      "wk52_lo": 960.75
    },
    "beans-nov": {
      "ticker": "ZSX26.CBT",
      "close": 1151.5,
      "open": 1142.25,
      "netChange": 9.25,
      "pctChange": 0.8098,
      "wk52_hi": 1174.25,
      "wk52_lo": 992.0
    },
    "wheat": {
      "ticker": "ZW=F",
      "close": 599.5,
      "open": 586.75,
      "netChange": 12.75,
      "pctChange": 2.173,
      "wk52_hi": 635.0,
      "wk52_lo": 492.25
    },
    "oats": {
      "ticker": "ZO=F",
      "close": 332.5,
      "open": 331.5,
      "netChange": 1.0,
      "pctChange": 0.3017,
      "wk52_hi": 403.5,
      "wk52_lo": 272.0
    },
    "cattle": {
      "ticker": "LE=F",
      "close": 233.77499,
      "open": 234.45,
      "netChange": -0.67501,
      "pctChange": -0.2879,
      "wk52_hi": 247.75,
      "wk52_lo": 197.75
    },
    "feeders": {
      "ticker": "GF=F",
      "close": 350.22501,
      "open": 350.75,
      "netChange": -0.52499,
      "pctChange": -0.1497,
      "wk52_hi": 381.025,
      "wk52_lo": 273.1
    },
    "hogs": {
      "ticker": "HE=F",
      "close": 104.15,
      "open": 104.025,
      "netChange": 0.125,
      "pctChange": 0.1202,
      "wk52_hi": 113.7,
      "wk52_lo": 77.35
    },
    "milk": {
      "ticker": "DC=F",
      "close": 17.75,
      "open": 17.52,
      "netChange": 0.23,
      "pctChange": 1.3128,
      "wk52_hi": 18.89,
      "wk52_lo": 14.53
    },
    "meal": {
      "ticker": "ZM=F",
      "close": 320.5,
      "open": 322.29999,
      "netChange": -1.79999,
      "pctChange": -0.5585,
      "wk52_hi": 335.5,
      "wk52_lo": 258.6
    },
    "soyoil": {
      "ticker": "ZL=F",
      "close": 67.1,
      "open": 65.27,
      "netChange": 1.83,
      "pctChange": 2.8037,
      "wk52_hi": 69.24,
      "wk52_lo": 42.15
    },
    "crude": {
      "ticker": "CL=F",
      "close": 90.68,
      "open": 88.94,
      "netChange": 1.74,
      "pctChange": 1.9564,
      "wk52_hi": 119.48,
      "wk52_lo": 54.98
    },
    "natgas": {
      "ticker": "NG=F",
      "close": 2.923,
      "open": 2.844,
      "netChange": 0.079,
      "pctChange": 2.7778,
      "wk52_hi": 7.827,
      "wk52_lo": 2.622
    },
    "gold": {
      "ticker": "GC=F",
      "close": 4511.6001,
      "open": 4567.7998,
      "netChange": -56.1997,
      "pctChange": -1.2303,
      "wk52_hi": 5586.2002,
      "wk52_lo": 2949.7
    },
    "silver": {
      "ticker": "SI=F",
      "close": 71.745,
      "open": 73.545,
      "netChange": -1.8,
      "pctChange": -2.4475,
      "wk52_hi": 121.3,
      "wk52_lo": 28.31
    },
    "dollar": {
      "ticker": "DX=F",
      "close": 100.0,
      "open": 99.873,
      "netChange": 0.127,
      "pctChange": 0.1272
    },
    "treasury10": {
      "ticker": "^TNX",
      "close": 4.328,
      "open": 4.392,
      "netChange": -0.064,
      "pctChange": -1.4572,
      "wk52_hi": 4.629,
      "wk52_lo": 3.886
    },
    "sp500": {
      "ticker": "^GSPC",
      "close": 6585.79004,
      "open": 6557.37988,
      "netChange": 28.41016,
      "pctChange": 0.4333,
      "wk52_hi": 7002.2798,
      "wk52_lo": 4835.04
    },
    "bitcoin": {
      "ticker": "BTC-USD",
      "close": 70913.78906,
      "open": 70531.625,
      "netChange": 382.16406,
      "pctChange": 0.5418,
      "wk52_hi": 126198.0703,
      "wk52_lo": 60074.2031
    },
    "ripple": {
      "ticker": "XRP-USD",
      "close": 1.41286,
      "open": 1.41539,
      "netChange": -0.00253,
      "pctChange": -0.1787,
      "wk52_hi": 3.6502,
      "wk52_lo": 1.1335
    },
    "kaspa": {
      "ticker": "KAS-USD",
      "close": 0.03853,
      "open": 0.03633,
      "netChange": 0.0022,
      "pctChange": 6.0556,
      "wk52_hi": 0.1308,
      "wk52_lo": 0.0139
    }
  }
}