{
  "fetched": "2026-04-24T16:02:20Z",
  "ok": 21,
  "failed": 1,
  "quotes": {
    "corn": {
      "ticker": "ZC=F",
      "close": 462.75,
      "open": 463.5,
      "netChange": -0.75,
      "pctChange": -0.1618,
      "wk52_hi": 480.75,
      "wk52_lo": 368.75
    },
    "corn-dec": {
      "ticker": "ZCZ26.CBT",
      "close": 483.25,
      "open": 483.5,
      "netChange": -0.25,
      "pctChange": -0.0517,
      "wk52_hi": 498.5,
      "wk52_lo": 440.75
    },
    "beans": {
      "ticker": "ZS=F",
      "close": 1174.0,
      "open": 1172.75,
      "netChange": 1.25,
      "pctChange": 0.1066,
      "wk52_hi": 1223.25,
      "wk52_lo": 960.75
    },
    "beans-nov": {
      "ticker": "ZSX26.CBT",
      "close": 1152.25,
      "open": 1152.5,
      "netChange": -0.25,
      "pctChange": -0.0217,
      "wk52_hi": 1174.25,
      "wk52_lo": 1023.25
    },
    "wheat": {
      "ticker": "ZW=F",
      "close": 613.5,
      "open": 619.25,
      "netChange": -5.75,
      "pctChange": -0.9285,
      "wk52_hi": 635.0,
      "wk52_lo": 492.25
    },
    "oats": {
      "ticker": "ZO=F",
      "close": 338.0,
      "open": 335.5,
      "netChange": 2.5,
      "pctChange": 0.7452,
      "wk52_hi": 403.5,
      "wk52_lo": 272.0
    },
    "cattle": {
      "ticker": "LE=F",
      "close": 244.7,
      "open": 243.47501,
      "netChange": 1.22499,
      "pctChange": 0.5031,
      "wk52_hi": 253.6,
      "wk52_lo": 204.55
    },
    "feeders": {
      "ticker": "GF=F",
      "close": 361.60001,
      "open": 359.125,
      "netChange": 2.47501,
      "pctChange": 0.6892,
      "wk52_hi": 381.025,
      "wk52_lo": 288.475
    },
    "hogs": {
      "ticker": "HE=F",
      "close": 102.825,
      "open": 103.425,
      "netChange": -0.6,
      "pctChange": -0.5801,
      "wk52_hi": 113.7,
      "wk52_lo": 77.35
    },
    "milk": {
      "ticker": "DC=F",
      "close": 17.97,
      "open": 18.01,
      "netChange": -0.04,
      "pctChange": -0.2221,
      "wk52_hi": 18.89,
      "wk52_lo": 14.53
    },
    "meal": {
      "ticker": "ZM=F",
      "close": 317.0,
      "open": 316.60001,
      "netChange": 0.39999,
      "pctChange": 0.1263,
      "wk52_hi": 339.6,
      "wk52_lo": 258.6
    },
    "soyoil": {
      "ticker": "ZL=F",
      "close": 71.05,
      "open": 70.99,
      "netChange": 0.06,
      "pctChange": 0.0845,
      "wk52_hi": 73.32,
      "wk52_lo": 45.74
    },
    "crude": {
      "ticker": "CL=F",
      "close": 93.63,
      "open": 96.62,
      "netChange": -2.99,
      "pctChange": -3.0946,
      "wk52_hi": 119.48,
      "wk52_lo": 54.98
    },
    "natgas": {
      "ticker": "NG=F",
      "close": 2.657,
      "open": 2.722,
      "netChange": -0.065,
      "pctChange": -2.388,
      "wk52_hi": 7.827,
      "wk52_lo": 2.561
    },
    "gold": {
      "ticker": "GC=F",
      "close": 4742.2998,
      "open": 4687.5,
      "netChange": 54.7998,
      "pctChange": 1.1691,
      "wk52_hi": 5586.2002,
      "wk52_lo": 3125.0
    },
    "silver": {
      "ticker": "SI=F",
      "close": 76.325,
      "open": 74.81,
      "netChange": 1.515,
      "pctChange": 2.0251,
      "wk52_hi": 121.3,
      "wk52_lo": 31.685
    },
    "dollar": {
      "ticker": "DX=F",
      "close": 100.0,
      "open": 99.873,
      "netChange": 0.127,
      "pctChange": 0.1272
    },
    "treasury10": {
      "ticker": "^TNX",
      "close": 4.306,
      "open": 4.323,
      "netChange": -0.017,
      "pctChange": -0.3932,
      "wk52_hi": 4.629,
      "wk52_lo": 3.947
    },
    "sp500": {
      "ticker": "^GSPC",
      "close": 7162.52979,
      "open": 7108.04004,
      "netChange": 54.48975,
      "pctChange": 0.7666,
      "wk52_hi": 7147.7798,
      "wk52_lo": 5433.2402
    },
    "bitcoin": {
      "ticker": "BTC-USD",
      "close": 78001.67188,
      "open": 78281.32031,
      "netChange": -279.64843,
      "pctChange": -0.3572,
      "wk52_hi": 126198.0703,
      "wk52_lo": 60074.2031
    },
    "ripple": {
      "ticker": "XRP-USD",
      "close": 1.4489,
      "open": 1.4393,
      "netChange": 0.0096,
      "pctChange": 0.667,
      "wk52_hi": 3.6502,
      "wk52_lo": 1.1335
    },
    "kaspa": {
      "ticker": "KAS-USD",
      "close": 0.03382,
      "open": 0.03436,
      "netChange": -0.00054,
      "pctChange": -1.5716,
      "wk52_hi": 0.1308,
      "wk52_lo": 0.0139
    }
  }
}