{
  "fetched": "2026-04-21T14:14:47Z",
  "ok": 21,
  "failed": 1,
  "quotes": {
    "corn": {
      "ticker": "ZC=F",
      "close": 462.0,
      "open": 459.25,
      "netChange": 2.75,
      "pctChange": 0.5988,
      "wk52_hi": 483.0,
      "wk52_lo": 368.75
    },
    "corn-dec": {
      "ticker": "ZCZ26.CBT",
      "close": 481.75,
      "open": 478.5,
      "netChange": 3.25,
      "pctChange": 0.6792,
      "wk52_hi": 498.5,
      "wk52_lo": 440.75
    },
    "beans": {
      "ticker": "ZS=F",
      "close": 1190.5,
      "open": 1184.5,
      "netChange": 6.0,
      "pctChange": 0.5065,
      "wk52_hi": 1223.25,
      "wk52_lo": 960.75
    },
    "beans-nov": {
      "ticker": "ZSX26.CBT",
      "close": 1166.0,
      "open": 1159.0,
      "netChange": 7.0,
      "pctChange": 0.604,
      "wk52_hi": 1174.25,
      "wk52_lo": 1023.25
    },
    "wheat": {
      "ticker": "ZW=F",
      "close": 603.0,
      "open": 607.75,
      "netChange": -4.75,
      "pctChange": -0.7816,
      "wk52_hi": 635.0,
      "wk52_lo": 492.25
    },
    "oats": {
      "ticker": "ZO=F",
      "close": 337.25,
      "open": 338.5,
      "netChange": -1.25,
      "pctChange": -0.3693,
      "wk52_hi": 403.5,
      "wk52_lo": 272.0
    },
    "cattle": {
      "ticker": "LE=F",
      "close": 246.5,
      "open": 246.14999,
      "netChange": 0.35001,
      "pctChange": 0.1422,
      "wk52_hi": 253.6,
      "wk52_lo": 204.55
    },
    "feeders": {
      "ticker": "GF=F",
      "close": 363.77499,
      "open": 361.35001,
      "netChange": 2.42498,
      "pctChange": 0.6711,
      "wk52_hi": 381.025,
      "wk52_lo": 286.05
    },
    "hogs": {
      "ticker": "HE=F",
      "close": 103.5,
      "open": 101.725,
      "netChange": 1.775,
      "pctChange": 1.7449,
      "wk52_hi": 113.7,
      "wk52_lo": 77.35
    },
    "milk": {
      "ticker": "DC=F",
      "close": 16.85,
      "open": 17.11,
      "netChange": -0.26,
      "pctChange": -1.5196,
      "wk52_hi": 18.89,
      "wk52_lo": 14.53
    },
    "meal": {
      "ticker": "ZM=F",
      "close": 321.79999,
      "open": 320.79999,
      "netChange": 1.0,
      "pctChange": 0.3117,
      "wk52_hi": 339.6,
      "wk52_lo": 258.6
    },
    "soyoil": {
      "ticker": "ZL=F",
      "close": 70.64,
      "open": 69.56,
      "netChange": 1.08,
      "pctChange": 1.5526,
      "wk52_hi": 70.49,
      "wk52_lo": 45.74
    },
    "crude": {
      "ticker": "CL=F",
      "close": 87.23,
      "open": 86.68,
      "netChange": 0.55,
      "pctChange": 0.6345,
      "wk52_hi": 119.48,
      "wk52_lo": 54.98
    },
    "natgas": {
      "ticker": "NG=F",
      "close": 2.671,
      "open": 2.66,
      "netChange": 0.011,
      "pctChange": 0.4135,
      "wk52_hi": 7.827,
      "wk52_lo": 2.561
    },
    "gold": {
      "ticker": "GC=F",
      "close": 4799.2998,
      "open": 4816.2998,
      "netChange": -17.0,
      "pctChange": -0.353,
      "wk52_hi": 5586.2002,
      "wk52_lo": 3125.0
    },
    "silver": {
      "ticker": "SI=F",
      "close": 78.86,
      "open": 78.955,
      "netChange": -0.095,
      "pctChange": -0.1203,
      "wk52_hi": 121.3,
      "wk52_lo": 31.685
    },
    "dollar": {
      "ticker": "DX=F",
      "close": 100.0,
      "open": 99.873,
      "netChange": 0.127,
      "pctChange": 0.1272
    },
    "treasury10": {
      "ticker": "^TNX",
      "close": 4.27,
      "open": 4.25,
      "netChange": 0.02,
      "pctChange": 0.4706,
      "wk52_hi": 4.629,
      "wk52_lo": 3.947
    },
    "sp500": {
      "ticker": "^GSPC",
      "close": 7134.47021,
      "open": 7110.37988,
      "netChange": 24.09033,
      "pctChange": 0.3388,
      "wk52_hi": 7147.52,
      "wk52_lo": 5207.6699
    },
    "bitcoin": {
      "ticker": "BTC-USD",
      "close": 75878.0,
      "open": 75875.03906,
      "netChange": 2.96094,
      "pctChange": 0.0039,
      "wk52_hi": 126198.0703,
      "wk52_lo": 60074.2031
    },
    "ripple": {
      "ticker": "XRP-USD",
      "close": 1.4323,
      "open": 1.425,
      "netChange": 0.0073,
      "pctChange": 0.5123,
      "wk52_hi": 3.6502,
      "wk52_lo": 1.1335
    },
    "kaspa": {
      "ticker": "KAS-USD",
      "close": 0.03479,
      "open": 0.03484,
      "netChange": -5e-05,
      "pctChange": -0.1435,
      "wk52_hi": 0.1308,
      "wk52_lo": 0.0139
    }
  }
}