{
  "fetched": "2026-04-10T15:48:33Z",
  "ok": 21,
  "failed": 1,
  "quotes": {
    "corn": {
      "ticker": "ZC=F",
      "close": 441.75,
      "open": 444.25,
      "netChange": -2.5,
      "pctChange": -0.5627,
      "wk52_hi": 490.75,
      "wk52_lo": 368.75
    },
    "corn-dec": {
      "ticker": "ZCZ26.CBT",
      "close": 472.5,
      "open": 473.75,
      "netChange": -1.25,
      "pctChange": -0.2639,
      "wk52_hi": 498.5,
      "wk52_lo": 440.75
    },
    "beans": {
      "ticker": "ZS=F",
      "close": 1175.25,
      "open": 1167.75,
      "netChange": 7.5,
      "pctChange": 0.6423,
      "wk52_hi": 1223.25,
      "wk52_lo": 960.75
    },
    "beans-nov": {
      "ticker": "ZSX26.CBT",
      "close": 1158.5,
      "open": 1154.75,
      "netChange": 3.75,
      "pctChange": 0.3247,
      "wk52_hi": 1174.25,
      "wk52_lo": 1014.5
    },
    "wheat": {
      "ticker": "ZW=F",
      "close": 574.75,
      "open": 576.25,
      "netChange": -1.5,
      "pctChange": -0.2603,
      "wk52_hi": 635.0,
      "wk52_lo": 492.25
    },
    "oats": {
      "ticker": "ZO=F",
      "close": 336.5,
      "open": 334.5,
      "netChange": 2.0,
      "pctChange": 0.5979,
      "wk52_hi": 403.5,
      "wk52_lo": 272.0
    },
    "cattle": {
      "ticker": "LE=F",
      "close": 247.64999,
      "open": 247.52499,
      "netChange": 0.125,
      "pctChange": 0.0505,
      "wk52_hi": 249.95,
      "wk52_lo": 200.45
    },
    "feeders": {
      "ticker": "GF=F",
      "close": 370.92499,
      "open": 370.77499,
      "netChange": 0.15,
      "pctChange": 0.0405,
      "wk52_hi": 381.025,
      "wk52_lo": 282.325
    },
    "hogs": {
      "ticker": "HE=F",
      "close": 104.3,
      "open": 104.175,
      "netChange": 0.125,
      "pctChange": 0.12,
      "wk52_hi": 113.7,
      "wk52_lo": 77.35
    },
    "milk": {
      "ticker": "DC=F",
      "close": 17.15,
      "open": 17.05,
      "netChange": 0.1,
      "pctChange": 0.5865,
      "wk52_hi": 18.89,
      "wk52_lo": 14.53
    },
    "meal": {
      "ticker": "ZM=F",
      "close": 330.39999,
      "open": 320.39999,
      "netChange": 10.0,
      "pctChange": 3.1211,
      "wk52_hi": 335.5,
      "wk52_lo": 258.6
    },
    "soyoil": {
      "ticker": "ZL=F",
      "close": 67.24,
      "open": 67.48,
      "netChange": -0.24,
      "pctChange": -0.3557,
      "wk52_hi": 70.49,
      "wk52_lo": 45.74
    },
    "crude": {
      "ticker": "CL=F",
      "close": 99.17,
      "open": 97.79,
      "netChange": 1.38,
      "pctChange": 1.4112,
      "wk52_hi": 119.48,
      "wk52_lo": 54.98
    },
    "natgas": {
      "ticker": "NG=F",
      "close": 2.667,
      "open": 2.668,
      "netChange": -0.001,
      "pctChange": -0.0375,
      "wk52_hi": 7.827,
      "wk52_lo": 2.622
    },
    "gold": {
      "ticker": "GC=F",
      "close": 4790.0,
      "open": 4789.1001,
      "netChange": 0.8999,
      "pctChange": 0.0188,
      "wk52_hi": 5586.2002,
      "wk52_lo": 3125.0
    },
    "silver": {
      "ticker": "SI=F",
      "close": 76.38,
      "open": 75.95,
      "netChange": 0.43,
      "pctChange": 0.5662,
      "wk52_hi": 121.3,
      "wk52_lo": 31.115
    },
    "dollar": {
      "ticker": "DX=F",
      "close": 100.0,
      "open": 99.873,
      "netChange": 0.127,
      "pctChange": 0.1272
    },
    "treasury10": {
      "ticker": "^TNX",
      "close": 4.301,
      "open": 4.293,
      "netChange": 0.008,
      "pctChange": 0.1863,
      "wk52_hi": 4.629,
      "wk52_lo": 3.947
    },
    "sp500": {
      "ticker": "^GSPC",
      "close": 6826.66992,
      "open": 6823.93994,
      "netChange": 2.72998,
      "pctChange": 0.04,
      "wk52_hi": 7002.2798,
      "wk52_lo": 5101.6299
    },
    "bitcoin": {
      "ticker": "BTC-USD",
      "close": 72763.17969,
      "open": 71771.63281,
      "netChange": 991.54688,
      "pctChange": 1.3815,
      "wk52_hi": 126198.0703,
      "wk52_lo": 60074.2031
    },
    "ripple": {
      "ticker": "XRP-USD",
      "close": 1.35304,
      "open": 1.34423,
      "netChange": 0.00881,
      "pctChange": 0.6554,
      "wk52_hi": 3.6502,
      "wk52_lo": 1.1335
    },
    "kaspa": {
      "ticker": "KAS-USD",
      "close": 0.0332,
      "open": 0.03214,
      "netChange": 0.00106,
      "pctChange": 3.2981,
      "wk52_hi": 0.1308,
      "wk52_lo": 0.0139
    }
  }
}