{
  "fetched": "2026-04-10T17:44:11Z",
  "ok": 21,
  "failed": 1,
  "quotes": {
    "corn": {
      "ticker": "ZC=F",
      "close": 442.25,
      "open": 444.25,
      "netChange": -2.0,
      "pctChange": -0.4502,
      "wk52_hi": 490.75,
      "wk52_lo": 368.75
    },
    "corn-dec": {
      "ticker": "ZCZ26.CBT",
      "close": 473.25,
      "open": 473.75,
      "netChange": -0.5,
      "pctChange": -0.1055,
      "wk52_hi": 498.5,
      "wk52_lo": 440.75
    },
    "beans": {
      "ticker": "ZS=F",
      "close": 1177.5,
      "open": 1167.75,
      "netChange": 9.75,
      "pctChange": 0.8349,
      "wk52_hi": 1223.25,
      "wk52_lo": 960.75
    },
    "beans-nov": {
      "ticker": "ZSX26.CBT",
      "close": 1159.5,
      "open": 1154.75,
      "netChange": 4.75,
      "pctChange": 0.4113,
      "wk52_hi": 1174.25,
      "wk52_lo": 1014.5
    },
    "wheat": {
      "ticker": "ZW=F",
      "close": 572.75,
      "open": 576.25,
      "netChange": -3.5,
      "pctChange": -0.6074,
      "wk52_hi": 635.0,
      "wk52_lo": 492.25
    },
    "oats": {
      "ticker": "ZO=F",
      "close": 336.25,
      "open": 334.5,
      "netChange": 1.75,
      "pctChange": 0.5232,
      "wk52_hi": 403.5,
      "wk52_lo": 272.0
    },
    "cattle": {
      "ticker": "LE=F",
      "close": 248.925,
      "open": 247.52499,
      "netChange": 1.40001,
      "pctChange": 0.5656,
      "wk52_hi": 249.95,
      "wk52_lo": 200.45
    },
    "feeders": {
      "ticker": "GF=F",
      "close": 372.0,
      "open": 370.77499,
      "netChange": 1.22501,
      "pctChange": 0.3304,
      "wk52_hi": 381.025,
      "wk52_lo": 282.325
    },
    "hogs": {
      "ticker": "HE=F",
      "close": 103.6,
      "open": 104.175,
      "netChange": -0.575,
      "pctChange": -0.552,
      "wk52_hi": 113.7,
      "wk52_lo": 77.35
    },
    "milk": {
      "ticker": "DC=F",
      "close": 17.3,
      "open": 17.05,
      "netChange": 0.25,
      "pctChange": 1.4663,
      "wk52_hi": 18.89,
      "wk52_lo": 14.53
    },
    "meal": {
      "ticker": "ZM=F",
      "close": 333.39999,
      "open": 320.39999,
      "netChange": 13.0,
      "pctChange": 4.0574,
      "wk52_hi": 335.5,
      "wk52_lo": 258.6
    },
    "soyoil": {
      "ticker": "ZL=F",
      "close": 67.16,
      "open": 67.48,
      "netChange": -0.32,
      "pctChange": -0.4742,
      "wk52_hi": 70.49,
      "wk52_lo": 45.74
    },
    "crude": {
      "ticker": "CL=F",
      "close": 98.25,
      "open": 97.79,
      "netChange": 0.46,
      "pctChange": 0.4704,
      "wk52_hi": 119.48,
      "wk52_lo": 54.98
    },
    "natgas": {
      "ticker": "NG=F",
      "close": 2.647,
      "open": 2.668,
      "netChange": -0.021,
      "pctChange": -0.7871,
      "wk52_hi": 7.827,
      "wk52_lo": 2.622
    },
    "gold": {
      "ticker": "GC=F",
      "close": 4786.2998,
      "open": 4789.1001,
      "netChange": -2.8003,
      "pctChange": -0.0585,
      "wk52_hi": 5586.2002,
      "wk52_lo": 3125.0
    },
    "silver": {
      "ticker": "SI=F",
      "close": 76.48,
      "open": 75.95,
      "netChange": 0.53,
      "pctChange": 0.6978,
      "wk52_hi": 121.3,
      "wk52_lo": 31.115
    },
    "dollar": {
      "ticker": "DX=F",
      "close": 100.0,
      "open": 99.873,
      "netChange": 0.127,
      "pctChange": 0.1272
    },
    "treasury10": {
      "ticker": "^TNX",
      "close": 4.319,
      "open": 4.293,
      "netChange": 0.026,
      "pctChange": 0.6056,
      "wk52_hi": 4.629,
      "wk52_lo": 3.947
    },
    "sp500": {
      "ticker": "^GSPC",
      "close": 6815.66016,
      "open": 6823.93994,
      "netChange": -8.27978,
      "pctChange": -0.1213,
      "wk52_hi": 7002.2798,
      "wk52_lo": 5101.6299
    },
    "bitcoin": {
      "ticker": "BTC-USD",
      "close": 72862.58594,
      "open": 71771.63281,
      "netChange": 1090.95313,
      "pctChange": 1.52,
      "wk52_hi": 126198.0703,
      "wk52_lo": 60074.2031
    },
    "ripple": {
      "ticker": "XRP-USD",
      "close": 1.35089,
      "open": 1.34423,
      "netChange": 0.00666,
      "pctChange": 0.4955,
      "wk52_hi": 3.6502,
      "wk52_lo": 1.1335
    },
    "kaspa": {
      "ticker": "KAS-USD",
      "close": 0.03332,
      "open": 0.03214,
      "netChange": 0.00118,
      "pctChange": 3.6714,
      "wk52_hi": 0.1308,
      "wk52_lo": 0.0139
    }
  }
}